Team,Conference,ConferenceAbbrev,Nickname,Name1,Name2,Name3,Name4,Name5,Name6,Name7,urlSchool
Boston College,Atlantic Coast,ACC,Eagles,BC,Boston Col.,,,,,,https://a.espncdn.com/i/teamlogos/ncaa/500/103.png
Clemson,Atlantic Coast,ACC,Tigers,CLEM,,,,,,,https://a.espncdn.com/i/teamlogos/ncaa/500/228.png
Duke,Atlantic Coast,ACC,Blue Devils,DUKE,,,,,,,https://a.espncdn.com/i/teamlogos/ncaa/500/150.png
Florida St.,Atlantic Coast,ACC,Seminoles,FSU,Florida St,Florida State,,,,,https://a.espncdn.com/i/teamlogos/ncaa/500/52.png
Georgia Tech,Atlantic Coast,ACC,Yellow Jackets,GT,,,,,,,https://a.espncdn.com/i/teamlogos/ncaa/500/59.png
Louisville,Atlantic Coast,ACC,Cardinals,LOU,,,,,,,https://a.espncdn.com/i/teamlogos/ncaa/500/97.png
Miami (FL),Atlantic Coast,ACC,Hurricanes,MIA,Miami (Fla),Miami,Miami (Florida),,,,https://a.espncdn.com/i/teamlogos/ncaa/500/2390.png
North Carolina,Atlantic Coast,ACC,Tar Heels,UNC,N Carolina,,,,,,https://a.espncdn.com/i/teamlogos/ncaa/500/153.png
NC State,Atlantic Coast,ACC,Wolfpack,NCST,North Carolina St.,North Carolina St,NC St.,NC St,North Carolina State,N Carolina St,https://a.espncdn.com/i/teamlogos/ncaa/500/152.png
Pittsburgh,Atlantic Coast,ACC,Panthers,PITT,Pitt,,,,,,https://a.espncdn.com/i/teamlogos/ncaa/500/221.png
Syracuse,Atlantic Coast,ACC,Orange,SYR,,,,,,,https://a.espncdn.com/i/teamlogos/ncaa/500/183.png
Virginia,Atlantic Coast,ACC,Cavaliers,UVA,,,,,,,https://a.espncdn.com/i/teamlogos/ncaa/500/258.png
Virginia Tech,Atlantic Coast,ACC,Hokies,VT,,,,,,,https://a.espncdn.com/i/teamlogos/ncaa/500/259.png
Wake Forest,Atlantic Coast,ACC,Demon Deacons,WAKE,,,,,,,https://a.espncdn.com/i/teamlogos/ncaa/500/154.png
Central Florida,American Athletic,AAC,Knights,UCF,C Florida,,,,,,https://a.espncdn.com/i/teamlogos/ncaa/500/2116.png
Cincinnati,American Athletic,AAC,Bearcats,CIN,,,,,,,https://a.espncdn.com/i/teamlogos/ncaa/500/2132.png
Connecticut,American Athletic,AAC,Huskies,CONN,UConn,,,,,,https://a.espncdn.com/i/teamlogos/ncaa/500/41.png
East Carolina,American Athletic,AAC,Pirates,ECU,,,,,,,https://a.espncdn.com/i/teamlogos/ncaa/500/151.png
Houston,American Athletic,AAC,Cougars,HOU,,,,,,,https://a.espncdn.com/i/teamlogos/ncaa/500/248.png
Memphis,American Athletic,AAC,Tigers,MEM,,,,,,,https://a.espncdn.com/i/teamlogos/ncaa/500/235.png
Navy,American Athletic,AAC,Midshipmen,NAVY,,,,,,,https://a.espncdn.com/i/teamlogos/ncaa/500/2426.png
SMU,American Athletic,AAC,Mustangs,SMU,Southern Methodist,,,,,,https://a.espncdn.com/i/teamlogos/ncaa/500/2567.png
South Florida,American Athletic,AAC,Bulls,USF,S Florida,,,,,,https://a.espncdn.com/i/teamlogos/ncaa/500/58.png
Temple,American Athletic,AAC,Owls,TEM,,,,,,,https://a.espncdn.com/i/teamlogos/ncaa/500/218.png
Tulane,American Athletic,AAC,Green Wave,TULN,,,,,,,https://a.espncdn.com/i/teamlogos/ncaa/500/2655.png
Tulsa,American Athletic,AAC,Golden Hurricane,TLSA,,,,,,,https://a.espncdn.com/i/teamlogos/ncaa/500/202.png
Baylor,Big Twelve,Big 12,Bears,BAY,,,,,,,https://a.espncdn.com/i/teamlogos/ncaa/500/239.png
Iowa St.,Big Twelve,Big 12,Cyclones,ISU,Iowa St,Iowa State,,,,,https://a.espncdn.com/i/teamlogos/ncaa/500/66.png
Kansas,Big Twelve,Big 12,Jayhawks,KU,,,,,,,https://a.espncdn.com/i/teamlogos/ncaa/500/2305.png
Kansas St.,Big Twelve,Big 12,Wildcats,KSU,Kansas St,Kansas State,,,,,https://a.espncdn.com/i/teamlogos/ncaa/500/2306.png
Oklahoma,Big Twelve,Big 12,Sooners,OKLA,OU,,,,,,https://a.espncdn.com/i/teamlogos/ncaa/500/201.png
Oklahoma St.,Big Twelve,Big 12,Cowboys,OKST,Oklahoma St,Oklahoma State,,,,,https://a.espncdn.com/i/teamlogos/ncaa/500/197.png
TCU,Big Twelve,Big 12,Horned Frogs,TCU,Texas Christian,Texas-Christian,,,,,https://a.espncdn.com/i/teamlogos/ncaa/500/2628.png
Texas,Big Twelve,Big 12,Longhorns,TEX,,,,,,,https://a.espncdn.com/i/teamlogos/ncaa/500/251.png
Texas Tech,Big Twelve,Big 12,Red Raiders,TTU,,,,,,,https://a.espncdn.com/i/teamlogos/ncaa/500/2641.png
West Virginia,Big Twelve,Big 12,Mountaineers,WVU,,,,,,,https://a.espncdn.com/i/teamlogos/ncaa/500/277.png
Illinois,Big Ten,B1G,Fighting Illini,ILL,,,,,,,https://a.espncdn.com/i/teamlogos/ncaa/500/356.png
Indiana,Big Ten,B1G,Hoosiers,IND,,,,,,,https://a.espncdn.com/i/teamlogos/ncaa/500/84.png
Iowa,Big Ten,B1G,Hawkeyes,IOWA,,,,,,,https://a.espncdn.com/i/teamlogos/ncaa/500/2294.png
Maryland,Big Ten,B1G,Terrapins,UMD,,,,,,,https://a.espncdn.com/i/teamlogos/ncaa/500/120.png
Michigan,Big Ten,B1G,Wolverines,MICH,,,,,,,https://a.espncdn.com/i/teamlogos/ncaa/500/130.png
Michigan St.,Big Ten,B1G,Spartans,MSU,Michigan St,Michigan State,Mich. St.,,,,https://a.espncdn.com/i/teamlogos/ncaa/500/127.png
Minnesota,Big Ten,B1G,Golden Gophers,MINN,,,,,,,https://a.espncdn.com/i/teamlogos/ncaa/500/135.png
Nebraska,Big Ten,B1G,Cornhuskers,NEB,,,,,,,https://a.espncdn.com/i/teamlogos/ncaa/500/158.png
Northwestern,Big Ten,B1G,Wildcats,NW,,,,,,,https://a.espncdn.com/i/teamlogos/ncaa/500/77.png
Ohio St.,Big Ten,B1G,Buckeyes,OSU,Ohio St,Ohio State,,,,,https://a.espncdn.com/i/teamlogos/ncaa/500/194.png
Penn State,Big Ten,B1G,Nittany Lions,PSU,Penn St.,Penn St,,,,,https://a.espncdn.com/i/teamlogos/ncaa/500/213.png
Purdue,Big Ten,B1G,Boilermakers,PUR,,,,,,,https://a.espncdn.com/i/teamlogos/ncaa/500/2509.png
Rutgers,Big Ten,B1G,Scarlet Knights,RUTG,,,,,,,https://a.espncdn.com/i/teamlogos/ncaa/500/164.png
Wisconsin,Big Ten,B1G,Badgers,WIS,,,,,,,https://a.espncdn.com/i/teamlogos/ncaa/500/275.png
Charlotte,Conference USA,C-USA,49ers,CHAR,,,,,,,https://a.espncdn.com/i/teamlogos/ncaa/500/2429.png
Florida Atlantic,Conference USA,C-USA,Owls,FAU,,,,,,,https://a.espncdn.com/i/teamlogos/ncaa/500/2226.png
Florida Intl,Conference USA,C-USA,Golden Panthers,FIU,Florida International,Florida Int.,Florida Intl.,,,,https://a.espncdn.com/i/teamlogos/ncaa/500/2229.png
Louisiana Tech,Conference USA,C-USA,Bulldogs,LT,LA Tech,La Tech,,,,,https://a.espncdn.com/i/teamlogos/ncaa/500/2348.png
Marshall,Conference USA,C-USA,Thundering Herd,MRSH,,,,,,,https://a.espncdn.com/i/teamlogos/ncaa/500/276.png
Middle Tennessee,Conference USA,C-USA,Blue Raiders,MTSU,Middle Tenn,Mid Tennessee,Middle Tenn. St.,Middle Tenn. St,Middle Tenn. State,Middle Tennessee St.,https://a.espncdn.com/i/teamlogos/ncaa/500/2393.png
North Texas,Conference USA,C-USA,Mean Green,UNT,N Texas,,,,,,https://a.espncdn.com/i/teamlogos/ncaa/500/249.png
Old Dominion,Conference USA,C-USA,Monarchs,ODU,,,,,,,https://a.espncdn.com/i/teamlogos/ncaa/500/295.png
Rice,Conference USA,C-USA,Owls,RICE,,,,,,,https://a.espncdn.com/i/teamlogos/ncaa/500/242.png
Southern Miss,Conference USA,C-USA,Golden Eagles,USM,Southern Mississippi,,,,,,https://a.espncdn.com/i/teamlogos/ncaa/500/2572.png
UAB,Conference USA,C-USA,Blazers,UAB,Alabama-Birmingham,Alabama Birmingham,Ala-Birmingham,,,,https://a.espncdn.com/i/teamlogos/ncaa/500/5.png
UTEP,Conference USA,C-USA,Miners,UTEP,Texas El-Paso,Texas-El Paso,,,,,https://a.espncdn.com/i/teamlogos/ncaa/500/2638.png
UTSA,Conference USA,C-USA,Roadrunners,UTSA,Texas San-Antonio,Texas-San Antonio,UT San Antonio,,,,https://a.espncdn.com/i/teamlogos/ncaa/500/2636.png
Western Kentucky,Conference USA,C-USA,Hilltoppers,WKU,W Kentucky,W. Kentucky,,,,,https://a.espncdn.com/i/teamlogos/ncaa/500/98.png
Army,Independent (FBS),IND (FBS),Black Knights,ARMY,Army West Point,,,,,,https://a.espncdn.com/i/teamlogos/ncaa/500/349.png
BYU,Independent (FBS),IND (FBS),Cougars,BYU,Brigham Young,,,,,,https://a.espncdn.com/i/teamlogos/ncaa/500/252.png
Liberty,Independent (FBS),IND (FBS),Flames,LIB,,,,,,,https://a.espncdn.com/i/teamlogos/ncaa/500/2335.png
Massachusetts,Independent (FBS),IND (FBS),Minutemen,UMASS,UMass,Mass,,,,,https://a.espncdn.com/i/teamlogos/ncaa/500/113.png
New Mexico State,Independent (FBS),IND (FBS),Aggies,NMSU,New Mexico St,New Mexico St.,,,,,https://a.espncdn.com/i/teamlogos/ncaa/500/166.png
Notre Dame,Independent (FBS),IND (FBS),Fighting Irish,ND,,,,,,,https://a.espncdn.com/i/teamlogos/ncaa/500/87.png
Akron,Mid-American,MAC,Zips,AKR,,,,,,,https://a.espncdn.com/i/teamlogos/ncaa/500/2006.png
Ball St.,Mid-American,MAC,Cardinals,BALL,Ball St,Ball State,,,,,https://a.espncdn.com/i/teamlogos/ncaa/500/2050.png
Bowling Green,Mid-American,MAC,Falcons,BGSU,Bowling Green State,Bowling Green St.,Bowling Green St,,,,https://a.espncdn.com/i/teamlogos/ncaa/500/189.png
Buffalo,Mid-American,MAC,Bulls,BUFF,,,,,,,https://a.espncdn.com/i/teamlogos/ncaa/500/2084.png
Central Michigan,Mid-American,MAC,Chippewas,CMU,Cent Michigan,C Michigan,,,,,https://a.espncdn.com/i/teamlogos/ncaa/500/2117.png
Eastern Michigan,Mid-American,MAC,Eagles,EMU,E Michigan,East. Michigan,East Michigan,,,,https://a.espncdn.com/i/teamlogos/ncaa/500/2199.png
Kent State,Mid-American,MAC,Golden Flashes,KENT,Kent St.,Kent St,,,,,https://a.espncdn.com/i/teamlogos/ncaa/500/2309.png
Miami (OH),Mid-American,MAC,RedHawks,M-OH,Miami (Ohio),,,,,,https://a.espncdn.com/i/teamlogos/ncaa/500/193.png
Northern Illinois,Mid-American,MAC,Huskies,NIU,N Illinois,,,,,,https://a.espncdn.com/i/teamlogos/ncaa/500/2459.png
Ohio,Mid-American,MAC,Bobcats,OHIO,,,,,,,https://a.espncdn.com/i/teamlogos/ncaa/500/195.png
Toledo,Mid-American,MAC,Rockets,TOL,TOLEDO,,,,,,https://a.espncdn.com/i/teamlogos/ncaa/500/2649.png
Western Michigan,Mid-American,MAC,Broncos,WMU,W Michigan,West. Michigan,,,,,https://a.espncdn.com/i/teamlogos/ncaa/500/2711.png
Air Force,Mountain West,MWC,Falcons,AFA,,,,,,,https://a.espncdn.com/i/teamlogos/ncaa/500/2005.png
Boise St.,Mountain West,MWC,Broncos,BSU,Boise St,Boise State,,,,,https://a.espncdn.com/i/teamlogos/ncaa/500/68.png
Colorado St.,Mountain West,MWC,Rams,CSU,Colorado St,Colorado State,,,,,https://a.espncdn.com/i/teamlogos/ncaa/500/36.png
Fresno St.,Mountain West,MWC,Bulldogs,FRES,Fresno St,Fresno State,,,,,https://a.espncdn.com/i/teamlogos/ncaa/500/278.png
Hawaii,Mountain West,MWC,Rainbow Warriors,HAW,Hawai'i,,,,,,https://a.espncdn.com/i/teamlogos/ncaa/500/62.png
Nevada,Mountain West,MWC,Wolf Pack,NEV,,,,,,,https://a.espncdn.com/i/teamlogos/ncaa/500/2440.png
New Mexico,Mountain West,MWC,Lobos,UNM,,,,,,,https://a.espncdn.com/i/teamlogos/ncaa/500/167.png
San Diego St.,Mountain West,MWC,Aztecs,SDSU,San Diego St,San Diego State,,,,,https://a.espncdn.com/i/teamlogos/ncaa/500/21.png
San Jose St.,Mountain West,MWC,Spartans,SJSU,San Jose St,San Jose State,San José State,,,,https://a.espncdn.com/i/teamlogos/ncaa/500/23.png
UNLV,Mountain West,MWC,Rebels,UNLV,Nevada-Las Vegas,Nevada Las Vegas,,,,,https://a.espncdn.com/i/teamlogos/ncaa/500/2439.png
Utah St.,Mountain West,MWC,Aggies,USU,Utah St,Utah State,,,,,https://a.espncdn.com/i/teamlogos/ncaa/500/328.png
Wyoming,Mountain West,MWC,Cowboys,WYO,,,,,,,https://a.espncdn.com/i/teamlogos/ncaa/500/2751.png
Arizona,Pac 12,Pac-12,Wildcats,ARIZ,,,,,,,https://a.espncdn.com/i/teamlogos/ncaa/500/12.png
Arizona St.,Pac 12,Pac-12,Sun Devils,ASU,Arizona St,Arizona State,,,,,https://a.espncdn.com/i/teamlogos/ncaa/500/9.png
California,Pac 12,Pac-12,Golden Bears,CAL,Cal,,,,,,https://a.espncdn.com/i/teamlogos/ncaa/500/25.png
Colorado,Pac 12,Pac-12,Buffaloes,COLO,,,,,,,https://a.espncdn.com/i/teamlogos/ncaa/500/38.png
Oregon,Pac 12,Pac-12,Ducks,ORE,UO,,,,,,https://a.espncdn.com/i/teamlogos/ncaa/500/2483.png
Oregon St.,Pac 12,Pac-12,Beavers,ORST,Oregon St,Oregon State,,,,,https://a.espncdn.com/i/teamlogos/ncaa/500/204.png
Stanford,Pac 12,Pac-12,Cardinal,STAN,,,,,,,https://a.espncdn.com/i/teamlogos/ncaa/500/24.png
UCLA,Pac 12,Pac-12,Bruins,UCLA,,,,,,,https://a.espncdn.com/i/teamlogos/ncaa/500/26.png
USC,Pac 12,Pac-12,Trojans,USC,Southern Cal,Southern California,,,,,https://a.espncdn.com/i/teamlogos/ncaa/500/30.png
Utah,Pac 12,Pac-12,Utes,UTAH,,,,,,,https://a.espncdn.com/i/teamlogos/ncaa/500/254.png
Washington,Pac 12,Pac-12,Huskies,WASH,UW,,,,,,https://a.espncdn.com/i/teamlogos/ncaa/500/264.png
Washington St.,Pac 12,Pac-12,Cougars,WSU,Washington St,Washington State,,,,,https://a.espncdn.com/i/teamlogos/ncaa/500/265.png
Alabama,Southeastern,SEC,Crimson Tide,ALA,BAMA,,,,,,https://a.espncdn.com/i/teamlogos/ncaa/500/333.png
Arkansas,Southeastern,SEC,Razorbacks,ARK,,,,,,,https://a.espncdn.com/i/teamlogos/ncaa/500/8.png
Auburn,Southeastern,SEC,Tigers,AUB,,,,,,,https://a.espncdn.com/i/teamlogos/ncaa/500/2.png
Florida,Southeastern,SEC,Gators,FLA,UF,,,,,,https://a.espncdn.com/i/teamlogos/ncaa/500/57.png
Georgia,Southeastern,SEC,Bulldogs,UGA,,,,,,,https://a.espncdn.com/i/teamlogos/ncaa/500/61.png
Kentucky,Southeastern,SEC,Wildcats,UK,,,,,,,https://a.espncdn.com/i/teamlogos/ncaa/500/96.png
LSU,Southeastern,SEC,Tigers,LSU,Louisiana State,Louisiana St.,Louisiana St,,,,https://a.espncdn.com/i/teamlogos/ncaa/500/99.png
Ole Miss,Southeastern,SEC,Rebels,MISS,Mississippi,,,,,,https://a.espncdn.com/i/teamlogos/ncaa/500/145.png
Mississippi St.,Southeastern,SEC,Bulldogs,MSST,Mississippi St,Mississippi State,Miss St,Miss St.,,,https://a.espncdn.com/i/teamlogos/ncaa/500/344.png
Missouri,Southeastern,SEC,Tigers,MIZ,MIZZ,,,,,,https://a.espncdn.com/i/teamlogos/ncaa/500/142.png
South Carolina,Southeastern,SEC,Gamecocks,SC,SCAR,S Carolina,,,,,https://a.espncdn.com/i/teamlogos/ncaa/500/2579.png
Tennessee,Southeastern,SEC,Volunteers,TENN,,,,,,,https://a.espncdn.com/i/teamlogos/ncaa/500/2633.png
Texas A&M,Southeastern,SEC,Aggies,TAMU,Texas A&M,,,,,,https://a.espncdn.com/i/teamlogos/ncaa/500/245.png
Vanderbilt,Southeastern,SEC,Commodores,VAN,,,,,,,https://a.espncdn.com/i/teamlogos/ncaa/500/238.png
Appalachian St.,Sun Belt,Sun Belt,Mountaineers,APP,Appalachian St,App State,Appalachian,Appalachian State,App St,App St.,https://a.espncdn.com/i/teamlogos/ncaa/500/2026.png
Arkansas St.,Sun Belt,Sun Belt,Red Wolves,ARST,Arkansas St,AKST,Arkansas State,,,,https://a.espncdn.com/i/teamlogos/ncaa/500/2032.png
Coastal Carolina,Sun Belt,Sun Belt,Chanticleers,CCU,C. Carolina,Coast Carolina,,,,,https://a.espncdn.com/i/teamlogos/ncaa/500/324.png
Georgia Southern,Sun Belt,Sun Belt,Eagles,GASO,Ga Southern,,,,,,https://a.espncdn.com/i/teamlogos/ncaa/500/290.png
Georgia St.,Sun Belt,Sun Belt,Panthers,GAST,GSU,Georgia St,Georgia State,,,,https://a.espncdn.com/i/teamlogos/ncaa/500/2247.png
Louisiana,Sun Belt,Sun Belt,Ragin' Cajuns,ULL,Louisiana Lafayette,Louisiana-Lafayette,,,,,https://a.espncdn.com/i/teamlogos/ncaa/500/309.png
UL Monroe,Sun Belt,Sun Belt,Warhawks,ULM,Louisiana Monroe,Louisiana-Monroe,La-Monroe,LA-Monroe,,,https://a.espncdn.com/i/teamlogos/ncaa/500/2433.png
South Alabama,Sun Belt,Sun Belt,Jaguars,USA,S Alabama,,,,,,https://a.espncdn.com/i/teamlogos/ncaa/500/6.png
Texas St.,Sun Belt,Sun Belt,Bobcats,TXST,Texas St,Texas State,,,,,https://a.espncdn.com/i/teamlogos/ncaa/500/326.png
Troy,Sun Belt,Sun Belt,Trojans,TROY,Troy St.,Troy St,Troy State,,,,https://a.espncdn.com/i/teamlogos/ncaa/500/2653.png
Cal Poly,Big Sky,Big Sky,Mustangs,CP,Cal Poly-San Luis Obispo,,,,,,https://a.espncdn.com/i/teamlogos/ncaa/500/13.png
Eastern Washington,Big Sky,Big Sky,Eagles,EWU,E Washington,Eastern Washington Eagles,E. Washington,East. Washington,East Washington,,https://a.espncdn.com/i/teamlogos/ncaa/500/331.png
Idaho,Big Sky,Big Sky,Vandals,IDHO,,,,,,,https://a.espncdn.com/i/teamlogos/ncaa/500/70.png
Idaho State,Big Sky,Big Sky,Bengals,IDST,Idaho St,Idaho St.,,,,,https://a.espncdn.com/i/teamlogos/ncaa/500/304.png
Montana,Big Sky,Big Sky,Grizzlies,MONT,,,,,,,https://a.espncdn.com/i/teamlogos/ncaa/500/149.png
Montana State,Big Sky,Big Sky,Bobcats,MTST,Montana St,Montana St.,,,,,https://a.espncdn.com/i/teamlogos/ncaa/500/147.png
Northern Arizona,Big Sky,Big Sky,Lumberjacks,NAU,N Arizona,,,,,,https://a.espncdn.com/i/teamlogos/ncaa/500/2464.png
Northern Colorado,Big Sky,Big Sky,Bears,UNCO,N Colorado,,,,,,https://a.espncdn.com/i/teamlogos/ncaa/500/2458.png
Portland State,Big Sky,Big Sky,Vikings,PRST,Portland St,Portland St.,,,,,https://a.espncdn.com/i/teamlogos/ncaa/500/2502.png
Sacramento State,Big Sky,Big Sky,Hornets,SAC,Sacramento St,Sacramento St.,,,,,https://a.espncdn.com/i/teamlogos/ncaa/500/16.png
Southern Utah,Big Sky,Big Sky,Thunderbirds,SUU,,,,,,,https://a.espncdn.com/i/teamlogos/ncaa/500/253.png
UC Davis,Big Sky,Big Sky,Aggies,UCD,California-Davis,UC-Davis,,,,,https://a.espncdn.com/i/teamlogos/ncaa/500/302.png
Weber State,Big Sky,Big Sky,Wildcats,WEB,Weber St,Weber St.,,,,,https://a.espncdn.com/i/teamlogos/ncaa/500/2692.png
Charleston Southern,Big South,Big South,Buccaneers,CHSO,Charleston So,,,,,,https://a.espncdn.com/i/teamlogos/ncaa/500/2127.png
Campbell,Big South,Big South,Fighting Camels,CAMP,,,,,,,https://a.espncdn.com/i/teamlogos/ncaa/500/2097.png
Gardner-Webb,Big South,Big South,Bulldogs,WEBB,,,,,,,https://a.espncdn.com/i/teamlogos/ncaa/500/2241.png
Kennesaw State,Big South,Big South,Owls,KENN,Kennesaw St,Kennesaw St.,,,,,https://a.espncdn.com/i/teamlogos/ncaa/500/338.png
Monmouth,Big South,Big South,Hawks,MONM,,,,,,,https://a.espncdn.com/i/teamlogos/ncaa/500/2405.png
Presbyterian,Big South,Big South,Blue Hose,PRE,Presbyterian College,,,,,,https://a.espncdn.com/i/teamlogos/ncaa/500/2506.png
Albany,Colonial Athletic,CAA,Great Danes,ALBY,Albany (NY),,,,,,https://a.espncdn.com/i/teamlogos/ncaa/500/399.png
Delaware,Colonial Athletic,CAA,Blue Hens,DEL,,,,,,,https://a.espncdn.com/i/teamlogos/ncaa/500/48.png
Elon,Colonial Athletic,CAA,Phoenix,ELON,,,,,,,https://a.espncdn.com/i/teamlogos/ncaa/500/2210.png
James Madison,Colonial Athletic,CAA,Dukes,JMU,,,,,,,https://a.espncdn.com/i/teamlogos/ncaa/500/256.png
Maine,Colonial Athletic,CAA,Black Bears,MAINE,,,,,,,https://a.espncdn.com/i/teamlogos/ncaa/500/311.png
New Hampshire,Colonial Athletic,CAA,Wildcats,UNH,,,,,,,https://a.espncdn.com/i/teamlogos/ncaa/500/160.png
Rhode Island,Colonial Athletic,CAA,Rams,URI,,,,,,,https://a.espncdn.com/i/teamlogos/ncaa/500/227.png
Richmond,Colonial Athletic,CAA,Spiders,RICH,,,,,,,https://a.espncdn.com/i/teamlogos/ncaa/500/257.png
Stony Brook,Colonial Athletic,CAA,Seawolves,STON,,,,,,,https://a.espncdn.com/i/teamlogos/ncaa/500/2619.png
Towson,Colonial Athletic,CAA,Tigers,TOWS,,,,,,,https://a.espncdn.com/i/teamlogos/ncaa/500/119.png
Villanova,Colonial Athletic,CAA,Wildcats,NOVA,,,,,,,https://a.espncdn.com/i/teamlogos/ncaa/500/222.png
William & Mary,Colonial Athletic,CAA,Tribe,W&M,,,,,,,https://a.espncdn.com/i/teamlogos/ncaa/500/2729.png
Hampton,Independent (FCS),Ind (FCS),Pirates,HAMP,,,,,,,https://a.espncdn.com/i/teamlogos/ncaa/500/2261.png
North Alabama,Independent (FCS),Ind (FCS),Lions,,,,,,,,https://a.espncdn.com/i/teamlogos/ncaa/500/2453.png
North Dakota,Independent (FCS),Ind (FCS),Fighting Hawks,UND,,,,,,,https://a.espncdn.com/i/teamlogos/ncaa/500/155.png
Brown,Ivy League,Ivy,Bears,BRWN,,,,,,,https://a.espncdn.com/i/teamlogos/ncaa/500/225.png
Columbia,Ivy League,Ivy,Lions,CLMB,,,,,,,https://a.espncdn.com/i/teamlogos/ncaa/500/171.png
Cornell,Ivy League,Ivy,Big Red,COR,,,,,,,https://a.espncdn.com/i/teamlogos/ncaa/500/172.png
Dartmouth,Ivy League,Ivy,Big Green,DART,,,,,,,https://a.espncdn.com/i/teamlogos/ncaa/500/159.png
Harvard,Ivy League,Ivy,Crimson,HARV,,,,,,,https://a.espncdn.com/i/teamlogos/ncaa/500/108.png
Penn,Ivy League,Ivy,Quakers,PENN,Pennsylvania,,,,,,https://a.espncdn.com/i/teamlogos/ncaa/500/219.png
Princeton,Ivy League,Ivy,Tigers,PRIN,,,,,,,https://a.espncdn.com/i/teamlogos/ncaa/500/163.png
Yale,Ivy League,Ivy,Bulldogs,YALE,,,,,,,https://a.espncdn.com/i/teamlogos/ncaa/500/43.png
Bethune-Cookman,Mid-Eastern Atheltic,MEAC,Wildcats,COOK,,,,,,,https://a.espncdn.com/i/teamlogos/ncaa/500/2065.png
Delaware State,Mid-Eastern Atheltic,MEAC,Hornets,DSU,Delaware St,Delaware St.,,,,,https://a.espncdn.com/i/teamlogos/ncaa/500/2169.png
Florida A&M,Mid-Eastern Atheltic,MEAC,Rattlers,FAMU,,,,,,,https://a.espncdn.com/i/teamlogos/ncaa/500/50.png
Howard,Mid-Eastern Atheltic,MEAC,Bison,HOW,,,,,,,https://a.espncdn.com/i/teamlogos/ncaa/500/47.png
Morgan State,Mid-Eastern Atheltic,MEAC,Bears,MORG,Morgan St,Morgan St.,,,,,https://a.espncdn.com/i/teamlogos/ncaa/500/2415.png
Norfolk State,Mid-Eastern Atheltic,MEAC,Spartans,NORF,Norfolk St,Norfolk St.,,,,,https://a.espncdn.com/i/teamlogos/ncaa/500/2450.png
North Carolina A&T,Mid-Eastern Atheltic,MEAC,Aggies,NCAT,N Carolina A&T,NC A&T,,,,,https://a.espncdn.com/i/teamlogos/ncaa/500/2448.png
North Carolina Central,Mid-Eastern Atheltic,MEAC,Eagles,NCCU,NC Central,,,,,,https://a.espncdn.com/i/teamlogos/ncaa/500/2428.png
Savannah State,Mid-Eastern Atheltic,MEAC,Tigers,SAV,Savannah St,Savannah St.,,,,,https://a.espncdn.com/i/teamlogos/ncaa/500/2542.png
South Carolina State,Mid-Eastern Atheltic,MEAC,Bulldogs,SCST,S Carolina St,S. Carolina St.,S Carolina St.,South Carolina St.,South Carolina St,,https://a.espncdn.com/i/teamlogos/ncaa/500/2569.png
Illinois State,Missouri Valley,MVC,Redbirds,ILST,Illinois St,Illinois St.,,,,,https://a.espncdn.com/i/teamlogos/ncaa/500/2287.png
Indiana State,Missouri Valley,MVC,Sycamores,INST,Indiana St,Indiana St.,,,,,https://a.espncdn.com/i/teamlogos/ncaa/500/282.png
Missouri State,Missouri Valley,MVC,Bears,MOST,Missouri St,Missouri St.,SW Missouri St.,SW Missouri St,SW Missouri State,,https://a.espncdn.com/i/teamlogos/ncaa/500/2623.png
North Dakota State,Missouri Valley,MVC,Bison,NDSU,North Dakota St,North Dakota St.,N Dakota St,,,,https://a.espncdn.com/i/teamlogos/ncaa/500/2449.png
Northern Iowa,Missouri Valley,MVC,Panthers,UNI,N Iowa,,,,,,https://a.espncdn.com/i/teamlogos/ncaa/500/2460.png
South Dakota,Missouri Valley,MVC,Coyotes,SDAK,S Dakota,,,,,,https://a.espncdn.com/i/teamlogos/ncaa/500/233.png
South Dakota State,Missouri Valley,MVC,Jackrabbits,SDSU,SDKST,South Dakota St,South Dakota State,S Dakota St,South Dakota St.,,https://a.espncdn.com/i/teamlogos/ncaa/500/2571.png
Southern Illinois,Missouri Valley,MVC,Salukis,SIU,S Illinois,,,,,,https://a.espncdn.com/i/teamlogos/ncaa/500/79.png
Western Illinois,Missouri Valley,MVC,Leathernecks,WIU,W Illinois,W. Illinois,West Illinois,West. Illinois,,,https://a.espncdn.com/i/teamlogos/ncaa/500/2710.png
Youngstown State,Missouri Valley,MVC,Penguins,YSU,Youngstown St,Youngstown St.,,,,,https://a.espncdn.com/i/teamlogos/ncaa/500/2754.png
Bryant,Northeast,NEC,Bulldogs,BRY,,,,,,,https://a.espncdn.com/i/teamlogos/ncaa/500/2803.png
Central Connecticut,Northeast,NEC,Blue Devils,CCSU,Cent Conn St,,,,,,https://a.espncdn.com/i/teamlogos/ncaa/500/2115.png
Duquesne,Northeast,NEC,Dukes,DUQ,,,,,,,https://a.espncdn.com/i/teamlogos/ncaa/500/2184.png
Robert Morris (PA),Northeast,NEC,Colonials,RMU,Robert Morris,,,,,,https://a.espncdn.com/i/teamlogos/ncaa/500/2523.png
Sacred Heart,Northeast,NEC,Pioneers,SHU,,,,,,,https://a.espncdn.com/i/teamlogos/ncaa/500/2529.png
St. Francis (PA),Northeast,NEC,Red Flash,SFU,St Francis (PA),,,,,,https://a.espncdn.com/i/teamlogos/ncaa/500/2598.png
Wagner,Northeast,NEC,Seahawks,WAG,,,,,,,https://a.espncdn.com/i/teamlogos/ncaa/500/2681.png
Austin Peay,Ohio Valley,OVC,Governors,PEAY,,,,,,,https://a.espncdn.com/i/teamlogos/ncaa/500/2046.png
Eastern Illinois,Ohio Valley,OVC,Panthers,EIU,E Illinois,East. Illinois,East Illinois,,,,https://a.espncdn.com/i/teamlogos/ncaa/500/2197.png
Eastern Kentucky,Ohio Valley,OVC,Colonels,EKY,E Kentucky,East. Kentucky,East Kentucky,E. Kentucky,,,https://a.espncdn.com/i/teamlogos/ncaa/500/2198.png
Jacksonville State,Ohio Valley,OVC,Gamecocks,JVST,Jacksonville St,Jacksonville St.,,,,,https://a.espncdn.com/i/teamlogos/ncaa/500/55.png
Murray State,Ohio Valley,OVC,Racers,MURR,Murray St,Murray St.,,,,,https://a.espncdn.com/i/teamlogos/ncaa/500/93.png
Southeast Missouri,Ohio Valley,OVC,Redhawks,SEMO,Southeast Missouri State,Southeast Missouri St,Southeast Missouri St.,SE Missouri,SE Missouri St,SE Missouri St.,https://a.espncdn.com/i/teamlogos/ncaa/500/2546.png
Tennessee State,Ohio Valley,OVC,Tigers,TNST,Tennessee St,Tennessee St.,,,,,https://a.espncdn.com/i/teamlogos/ncaa/500/2634.png
Tennessee Tech,Ohio Valley,OVC,Golden Eagles,TNTC,Tenn Tech,,,,,,https://a.espncdn.com/i/teamlogos/ncaa/500/2635.png
Tennessee-Martin,Ohio Valley,OVC,Skyhawks,UTM,UT Martin,Tenn-Martin,UT-Martin,,,,https://a.espncdn.com/i/teamlogos/ncaa/500/2630.png
Bucknell,Patriot,Patriot,Bison,BUCK,,,,,,,https://a.espncdn.com/i/teamlogos/ncaa/500/2083.png
Colgate,Patriot,Patriot,Raiders,COLG,,,,,,,https://a.espncdn.com/i/teamlogos/ncaa/500/2142.png
Fordham,Patriot,Patriot,Rams,FOR,,,,,,,https://a.espncdn.com/i/teamlogos/ncaa/500/2230.png
Georgetown,Patriot,Patriot,Hoyas,GTWN,,,,,,,https://a.espncdn.com/i/teamlogos/ncaa/500/46.png
Holy Cross,Patriot,Patriot,Crusaders,HC,,,,,,,https://a.espncdn.com/i/teamlogos/ncaa/500/107.png
Lafayette,Patriot,Patriot,Leopards,LAF,,,,,,,https://a.espncdn.com/i/teamlogos/ncaa/500/322.png
Lehigh,Patriot,Patriot,Mountain Hawks,LEH,,,,,,,https://a.espncdn.com/i/teamlogos/ncaa/500/2329.png
Butler,Pioneer,Pioneer,Bulldogs,BUT,,,,,,,https://a.espncdn.com/i/teamlogos/ncaa/500/2086.png
Davidson,Pioneer,Pioneer,Wildcats,DAV,,,,,,,https://a.espncdn.com/i/teamlogos/ncaa/500/2166.png
Dayton,Pioneer,Pioneer,Flyers,DAY,,,,,,,https://a.espncdn.com/i/teamlogos/ncaa/500/2168.png
Drake,Pioneer,Pioneer,Bulldogs,DRKE,,,,,,,https://a.espncdn.com/i/teamlogos/ncaa/500/2181.png
Jacksonville,Pioneer,Pioneer,Dolphins,JAC,,,,,,,https://a.espncdn.com/i/teamlogos/ncaa/500/294.png
Marist,Pioneer,Pioneer,Red Foxes,MRST,,,,,,,https://a.espncdn.com/i/teamlogos/ncaa/500/2368.png
Morehead State,Pioneer,Pioneer,Eagles,MORE,Morehead St,Morehead St.,,,,,https://a.espncdn.com/i/teamlogos/ncaa/500/2413.png
San Diego,Pioneer,Pioneer,Toreros,USD,,,,,,,https://a.espncdn.com/i/teamlogos/ncaa/500/301.png
Stetson,Pioneer,Pioneer,Hatters,STET,,,,,,,https://a.espncdn.com/i/teamlogos/ncaa/500/56.png
Valparaiso,Pioneer,Pioneer,Crusaders,VALP,,,,,,,https://a.espncdn.com/i/teamlogos/ncaa/500/2674.png
Chattanooga,Southern,SoCon,Mocs,CHAT,Tenn-Chattanooga,UT-Chattanooga,,,,,https://a.espncdn.com/i/teamlogos/ncaa/500/236.png
Citadel,Southern,SoCon,Bulldogs,CIT,The Citadel,,,,,,https://a.espncdn.com/i/teamlogos/ncaa/500/2643.png
East Tennessee St.,Southern,SoCon,Buccaneers,ETSU,East Tennessee State,East Tennessee St,ETSU,E Tennessee State,,,https://a.espncdn.com/i/teamlogos/ncaa/500/2193.png
Furman,Southern,SoCon,Paladins,FUR,,,,,,,https://a.espncdn.com/i/teamlogos/ncaa/500/231.png
Mercer,Southern,SoCon,Bears,MER,,,,,,,https://a.espncdn.com/i/teamlogos/ncaa/500/2382.png
Samford,Southern,SoCon,Bulldogs,SAM,,,,,,,https://a.espncdn.com/i/teamlogos/ncaa/500/2535.png
VMI,Southern,SoCon,Keydets,VMI,,,,,,,https://a.espncdn.com/i/teamlogos/ncaa/500/2678.png
Western Carolina,Southern,SoCon,Catamounts,WCU,W Carolina,West. Carolina,,,,,https://a.espncdn.com/i/teamlogos/ncaa/500/2717.png
Wofford,Southern,SoCon,Terriers,WOF,,,,,,,https://a.espncdn.com/i/teamlogos/ncaa/500/2747.png
Abilene Christian,Southland,Southland,Wildcats,ACU,Abil Christian,,,,,,https://a.espncdn.com/i/teamlogos/ncaa/500/2000.png
Central Arkansas,Southland,Southland,Bears,UCA,Cent Arkansas,C Arkansas,,,,,https://a.espncdn.com/i/teamlogos/ncaa/500/2110.png
Houston Baptist,Southland,Southland,Huskies,HBU,,,,,,,https://a.espncdn.com/i/teamlogos/ncaa/500/2277.png
Incarnate Word,Southland,Southland,Cardinals,IW,,,,,,,https://a.espncdn.com/i/teamlogos/ncaa/500/2916.png
Lamar,Southland,Southland,Cardinals,LAM,,,,,,,https://a.espncdn.com/i/teamlogos/ncaa/500/2320.png
McNeese State,Southland,Southland,Cowboys,MCNS,McNeese,McNeese St.,McNeese St,,,,https://a.espncdn.com/i/teamlogos/ncaa/500/2377.png
Nicholls State,Southland,Southland,Colonels,NICH,Nicholls,Nicholls St.,Nicholls St,,,,https://a.espncdn.com/i/teamlogos/ncaa/500/2447.png
Northwestern State,Southland,Southland,Demons,NWST,Northwestern St.,Northwestern St,NW State (LA),,,,https://a.espncdn.com/i/teamlogos/ncaa/500/2466.png
Sam Houston State,Southland,Southland,Bearkats,SHSU,Sam Houston St.,Sam Houston St,Sam Houston,,,,https://a.espncdn.com/i/teamlogos/ncaa/500/2534.png
Southeastern Louisiana,Southland,Southland,Lions,SELA,SE Louisiana,,,,,,https://a.espncdn.com/i/teamlogos/ncaa/500/2545.png
Stephen F. Austin,Southland,Southland,Lumberjacks,SFA,Stephen F Austin,SF Austin,S.F. Austin,S. F. Austin,,,https://a.espncdn.com/i/teamlogos/ncaa/500/2617.png
Alabama A&M,Southwestern Athletic,SWAC,Bulldogs,AAMU,Arkansas A&M,,,,,,https://a.espncdn.com/i/teamlogos/ncaa/500/2010.png
Alabama State,Southwestern Athletic,SWAC,Hornets,ALST,Alabama St.,Alabama St,,,,,https://a.espncdn.com/i/teamlogos/ncaa/500/2011.png
Alcorn State,Southwestern Athletic,SWAC,Braves,ALCN,Alcorn St.,Alcorn St,,,,,https://a.espncdn.com/i/teamlogos/ncaa/500/2016.png
Arkansas-Pine Bluff,Southwestern Athletic,SWAC,Golden Lions,UAPB,AR-Pine Bluff,Ark-Pine Bluff,,,,,https://a.espncdn.com/i/teamlogos/ncaa/500/2029.png
Grambling,Southwestern Athletic,SWAC,Tigers,GRAM,Grambling St.,Grambling St,Grambling State,,,,https://a.espncdn.com/i/teamlogos/ncaa/500/2755.png
Jackson State,Southwestern Athletic,SWAC,Tigers,JKST,Jackson St.,Jackson St,,,,,https://a.espncdn.com/i/teamlogos/ncaa/500/2296.png
Mississippi Valley State,Southwestern Athletic,SWAC,Delta Devils,MVSU,Mississippi Valley St.,Mississippi Valley St,Miss Valley St,Miss. Valley St.,Miss. Valley St,Miss. Valley State,https://a.espncdn.com/i/teamlogos/ncaa/500/2400.png
Prairie View A&M,Southwestern Athletic,SWAC,Panthers,PVAMU,Prairie View,PV A&M,,,,,https://a.espncdn.com/i/teamlogos/ncaa/500/2504.png
Southern,Southwestern Athletic,SWAC,Jaguars,SOU,Southern University,,,,,,https://a.espncdn.com/i/teamlogos/ncaa/500/2582.png
Texas Southern,Southwestern Athletic,SWAC,Tigers,TXSO,,,,,,,https://a.espncdn.com/i/teamlogos/ncaa/500/2640.png
Hofstra,,,Pride,,,,,,,,https://a.espncdn.com/i/teamlogos/ncaa/500/2275.png
Northeastern,,,Huskies,,,,,,,,https://a.espncdn.com/i/teamlogos/ncaa/500/111.png
Winston-Salem State,,,Rams,WSSU,Winston-Salem,Winston-Salem St.,Winston-Salem St,,,,https://a.espncdn.com/i/teamlogos/ncaa/500/2736.png
New Mexico Highlands,,,Cowboys,NMHU,,,,,,,https://a.espncdn.com/i/teamlogos/ncaa/500/2424.png
Mary,,,Marauders,,,,,,,,https://a.espncdn.com/i/teamlogos/ncaa/500/110243.png
Arkansas Tech,,,Wonder Boys,,,,,,,,https://a.espncdn.com/i/teamlogos/ncaa/500/2033.png
Central Washington,,,Wildcats,,,,,,,,https://a.espncdn.com/i/teamlogos/ncaa/500/2120.png
Slippery Rock,,,The Rock,,,,,,,,https://a.espncdn.com/i/teamlogos/ncaa/500/215.png
La Salle,,,Explorers,,,,,,,,https://a.espncdn.com/i/teamlogos/ncaa/500/2325.png
Chadron State,,,Eagles,,Chadron St.,Chadron St,,,,,https://upload.wikimedia.org/wikipedia/en/9/9f/CSC_Eagles.png
Minnesota State,,,Mavericks,,Minnesota St.,Minnesota St,,,,,https://a.espncdn.com/i/teamlogos/ncaa/500/2364.png
Saint Peter’s,,,Peacocks,,,,,,,,https://a.espncdn.com/i/teamlogos/ncaa/500/2612.png
Tuskegee,,,Golden Tigers,,,,,,,,https://a.espncdn.com/i/teamlogos/ncaa/500/2657.png
Chowan,,,Hawks,,,,,,,,https://a.espncdn.com/i/teamlogos/ncaa/500/2804.png
Iona,,,Gaels,,,,,,,,https://a.espncdn.com/i/teamlogos/ncaa/500/314.png
Florida Tech,,,Panthers,,Florida Institute of Technology,,,,,,https://a.espncdn.com/i/teamlogos/ncaa/500/53.png
Carnegie Mellon,,,Tartans,,,,,,,,https://a.espncdn.com/combiner/i?img=/i/teamlogos/cmu.png&w=250&h=250
Ferris State,,,Bulldogs,,Ferris St.,Ferris St,,,,,https://a.espncdn.com/i/teamlogos/ncaa/500/2222.png
Southern Oregon,,,Raiders,,,,,,,,https://a.espncdn.com/i/teamlogos/ncaa/500/2584.png
Western Oregon,,,Wolves,,,,,,,,https://a.espncdn.com/i/teamlogos/ncaa/500/2848.png
Henderson State,,,Reddies,,Henderson St.,Henderson St,,,,,https://a.espncdn.com/i/teamlogos/ncaa/500/2271.png
Mars Hill,,,Lions,,,,,,,,https://a.espncdn.com/i/teamlogos/ncaa/500/2369.png
Valdosta State,,,Blazers,,Valdosta St.,Valdosta St,,,,,https://a.espncdn.com/i/teamlogos/ncaa/500/2673.png
Fort Valley State,,,Wildcats,,Fort Valley St.,Fort Valley St,,,,,https://cdn.herosports.com/upload/school/school-logo/fort-valley-state-logo.png
Trinity (CT),,,Bantams,,Trinity,,,,,,https://cdn.herosports.com/upload/school/school-logo/trinity-conn-logo.png
Texas A&M-Kingsville,,,Javelinas,AMKN,,,,,,,http://www.tamuk.edu/registrar/images/javehead2TONE.png
Saginaw Valley State,,,Cardinals,SVSU,Saginaw,Saginaw Valley,Saginaw Valley St.,Saginaw Valley St,,,https://upload.wikimedia.org/wikipedia/en/thumb/5/5d/Saginaw_Valley_State_Cardinals_logo.svg/1200px-Saginaw_Valley_State_Cardinals_logo.svg.png
Cheyney,,,Wolves,,,,,,,,https://cdn.herosports.com/upload/cheyney-logo.png
Indiana (PA),,,Crimson Hawks,,,,,,,,https://cdn.herosports.com/upload/images/school-logos/indiana-pennsylvania-logo.png
West Texas A&M,,,Buffaloes,WESTA&M,,,,,,,http://wtamu.edu/webres/Image/Site%20Pictures/News/graphic_standards_2015fall/buffalo_7421.png
Central Oklahoma,,,Bronchos,UCO,,,,,,,https://upload.wikimedia.org/wikipedia/commons/thumb/b/b6/University_of_Central_Oklahoma_logo.svg/1152px-University_of_Central_Oklahoma_logo.svg.png
Missouri Southern,,,Lions,,Missouri Southern State,Missouri Southern St,Missouri Southern St.,,,,https://upload.wikimedia.org/wikipedia/en/thumb/2/26/Missouri_Southern_Lions_logo.svg/1200px-Missouri_Southern_Lions_logo.svg.png
Itawamba JC,,,Indians,,Itawamba Community College,Itawamba Junior College,,,,,https://static1.squarespace.com/static/5b8eea4a50a54f68d0167dcf/t/5b8eec1d0e2e72779fe097fb/1536163344023/?format=1500w
West Los Angeles College,,,Wildcats,,W LA College,W. LA College,West LA College,,,,https://www.greatcollegedeals.net/wp-content/uploads/2018/06/west-los-angeles-college.png
Trinity (TX),,,Tigers,,,,,,,,http://livestats.prestosports.com/logos/715.png?max_width=100
St. Cloud St.,,,Huskies,,St. Could St,Saint Cloud St,Saint Cloud St.,Saint Cloud State,,,https://a.espncdn.com/i/teamlogos/ncaa/500/2594.png
NW Oklahoma St.,,,Rangers,,NW Oklahoma St,NW Oklahoma State,,,,,https://upload.wikimedia.org/wikipedia/en/0/0e/NWOSU_Rangers.png
Langston,,,Lions,,,,,,,,https://cdn.herosports.com/upload/images/school-logos/langston-university-logo.png
Tarleton St.,,,Texans,,Tarleton St,Tarleton State,,,,,https://tarletonsports.com/images/logos/site/site.png
Mount Union,,,Raiders,,Mount Union (OH),,,,,,https://cdn.herosports.com/upload/school/school-logo/mount-union-logo.png
Coe College,,,Kohawks,,,,,,,,http://d21gd0ap5v1ndt.cloudfront.net/web04/coe/images_web/header-logo.png
Monmouth (IL),,,Fighting Scots,,,,,,,,https://cdn.herosports.com/upload/monmouth-il-logo.png
West Alabama,,,Tigers,,W Alabama,W. Alabama,,,,,http://logos.statbroadcast.com/weal.png
Butte JC (CA),,,Roadrunners,,,,,,,,https://pbs.twimg.com/profile_images/1321379497/fbrunner_400x400.png
Blinn College (TX),,,Buccaneers,,,,,,,,https://s3-us-west-2.amazonaws.com/scorestream-team-profile-pictures/282366/20181011000020_16_mascotOrig.png
Wesley,,,Wolverines,,Wesley College,Wesley (DE),,,,,http://livestats.prestosports.com/logos/763.png
Ohio Northern,,,Polar Bears,ONU,,,,,,,https://cdn.herosports.com/upload/school/school-logo/ohio-northern-logo.png
Augustana (SD),,,Vikings,,Augustana College,Augustana,,,,,https://s3-us-west-2.amazonaws.com/scorestream-team-profile-pictures/274093/20181010232512_124_mascotOrig.png
Azusa Pacific,,,Cougars,,,,,,,,https://upload.wikimedia.org/wikipedia/commons/thumb/1/19/Azusa_Pacific_Cougars_logo.svg/1200px-Azusa_Pacific_Cougars_logo.svg.png
Beloit,,,Buccaneers,,,,,,,,https://s3.amazonaws.com/file.imleagues/Images/Schools/Uploaded/201511/2015112312515.png
Bowie St.,,,Bulldogs,,,,,,,,https://www.bowiestate.edu/files/resources/full-color-2.png
California (PA),,,Vulcans,,,,,,,,https://cdn.herosports.com/upload/uploads/california-pennsylvania-logo.png
Carson-Newman,,,Eagles,,,,,,,,https://bloximages.chicago2.vip.townnews.com/newportplaintalk.com/content/tncms/assets/v3/editorial/5/cd/5cd0cc4a-2f72-5cb1-8edb-b1255b607e08/5ab0cd9749d27.image.png?resize=600%2C400
Central Missouri St.,,,Mules,,Central Missouri St,Central Missouri State,,,,,https://www.ucmfoundation.org/image/template/footerMule.png
East Central (OK),,,Tigers,,E Central (OK),,,,,,https://ecutigers.com/images/logos/site/site.png
East Mississippi CC,,,Lions,,,,,,,,https://cdn.prestosports.com/action/cdn/logos/id/9e2c2kdcxsm0wloj.png
Grand Valley St.,,,Lakers,,Grand Valley St,Grand Valley State,,,,,https://fanapeel.com/wp-content/uploads/logo_-grand-valley-state-university-lakers-blue-gv.png
Hutchinson (KS),,,Blue Dragons,,,,,,,,http://cdnak1.psbin.com/logos/rpi/1333/wbkb.png
Lane,,,Dragons,,,,,,,,https://cdn.herosports.com/upload/lane-logo.png
Lindenwood,,,Lions,,,,,,,,https://lindenwoodlions.com/images/logos/site/site.png
Long Beach CC,,,Vikings,,,,,,,,https://s3-us-west-2.amazonaws.com/asset.plexuss.com/college/logos/6456_long-beach-city-college-logo.png
Midwestern St.,,,Mustangs,,Midwestern St,Midwestern State,,,,,https://neo-cdn.stretchinternet.com/yuaHoO/header/d06505b5-0b4a-451b-a652-e80b1b03ceb4.png
Mississippi Col.,,,Choctaws,,,,,,,,https://static1.squarespace.com/static/52ebf31ce4b04a9f47a446e7/t/55f0a69de4b0388802808fa9/1441834654069/
Missouri Western St.,,,Griffons,,Missouri Western State,Missouri W St.,Missouri W St,Missouri Western St,,,"data:image/png;base64,iVBORw0KGgoAAAANSUhEUgAAAOEAAADhCAMAAAAJbSJIAAABmFBMVEX////+0AAAAAAGCAgAAAwAAAkAAA0AAA8ICgwGBwf/0AD/0wAAABH/1gD/1AD80gH/2gAAABWvsLCSlZX/3gAICxD+zAMAABj61QEABQn/4AD51gHq6uq4kwbb29sABg58fX3x8vIAAB24ubl0dXXMzc3Cw8OcnZ1TVFTg4eGGh4dFRkZiY2NfYGCrjQWXmJgrLCwyMBUaHBynqKgeICD/yAY8PT06NBHCsxsSGg1pbRLkzBackyURFBQAGwryzxGFfg9XVBHKpQQwMjJ5bxLZxhXz3g6mmw/etARHOwicjA7/6AhoYBzqxifTwgpsZxCTfg8kJBN5biVORgqhnBt2ZRJaXhSCgBC5txkmMA5CSBBWWB+LjA1cZwzNtQl5fBO/pRzb0w6KdCBWUSCbmxwcJhI9OCRyeQdyaC01Rw7Bryg+Mhajhg3wyBg/PxmvpQxPTixoVQ47Lwu5jw8AFgXh3gebpwssOxBNUAtfSBHi0RCLdA3HwhEiGw94YQkaKwlSQSFdTRAvIBSLkysfExhNXQ0tNSduViDmPfg0AAAgAElEQVR4nO19i3/TRrY/smdGsqSRxiApssTGPFOg3dKUR0xM6oQmMuSdkhJIU8cUcvcubeLt/trCNaHb9nbv/bd/54wkW3aclLSYu/d+mBZI/NTROXOe33PmxIl36916t96td+vderferf8Da3T09P/0JQx5Xcvlcp++f+bUybHRs2eH/WVnz46OjZ2EdQrX+bGxi6eH/p1AYaGQ665LH1x479rY6Ogb/Y7R0ZPXrlx4PzdwfXTqzX7ZgTWWy8Mq5Av4f89XT918//0zV65cOXny/Nj5scuXT59+DXk+Ha9ReMf5a+9duXLmZpawQvpFBfml+Dd+56fnh0nhafm1edfVcOW1fLp6yf0DK4+fm8/jh3cXPiAfxB9zuesXh0jiTUkifn0+uZaUxO5P8iYUknUUNTFbYu4kBOAnlsuUUCr/JEvFvxj8TeQLcrkrw6PwvRxeEykyQhiDbyWUdK+kVMjQKf/rIT17MwqZJwrp+wl+IiPltb3J7Y315p1G426ydnd3l5Ya9e0ZlZXxjuQuDI3CUaSQPglru427d549+/AbWKs//vjtk59++u6TzF3/zcWyL/7u6yff/rj6zfyHzyp3dxVbCM4tQ7Esy4BlWdxQDCvkhs5FdV41UWJzZ4ZGYg51jRnqhlw8XsIJHAeuigtld7e2u9RoNJqw/nT4gmeXG3PLS8AcRVjOgiMseD9SpCi6kl2GrXu2bSte/LAeLRalpJ4cFoUXciBerOLZyfcr6RXBVfjwfxj6oSXvvCTfGbQSWuCOcJvboW/Ld9t28nl9y/Y5PsHlN/q2IZ6qmgYb/PKQKLwIqiZPZi27ey2+rcsLQRr9MLlauF6gNjx4wbDg8dD3E5oUfBf8BP8NIE9XDOEvLc0tLS35+C063A7+QxFt1QdDovBEHkgslxd6BClzRXrP5fUKXPfx31xAsm7boS7C5orUpPSe6LzdmWWwF3PDciCvwEbU2LPs/T5w7wcw45jL1z1PEXZlxVSZq4FapltW+rG2Hr0ieW1oJuMyqhq2GN9R43fT0vfG/g+yebDQmCUqLaEFhI1BW7qdPhladYZWcUgUgtHPa67ZUPyD1/n7KYx/B41pwK5UdCNofDXFaF76TkRS2OhQaNuew8paITcsF/Uk6ho64xx+8UfTHT9tpD+mv8HPUt94nhXub58zgT7N1fJUVb9jGkhpl0J8/QY8ljs1JApjk0j2vcNpPHp1KZQcSX9DCnXfiPZnp1RSAvLyGiHmi/nqfhE2Il1WMhQqD5HCS8Oi8Kr0a56L1BRkeXbsjWl036Fbwt/fBuGk0uulRN2cfyx8XXxBUUoNu6uFvUgFvg5tIyITCy6r+7hjDjDnCBIOeR2YQ7Cmuoga08A1inFECczDXr3mgK33bzjzFHj4J8PPvFGsgX86tI144hRQqJXMquLZ9hFXfjiFPY/4nu4ZMffUMkZNLvj0X9SrjueFIJmh5zeQh6vcNrqfJe7DY7nhRYpTuBPVB4Ev90ZHXwy4/MMJ69wS8MOixsaOSqiGkadqmg9aNcGNMIz9NC9corAr/pbd9rY1SwpDVDVxqK+p8yKhUH89s5G5DTr4emDV8f1B4+UaUYmMDiGC+rZZE4aHGkiP3+H5VVoolMwwq2r4qpofZgx14s+obErmvuIdzaRBD0tZg6tHs2D5c/PXQbXIOBHs+0wzEjzjn9ro5PI52BUFtZH5HN35kACFN4dH4dlcCZk49biXwt9iXYZiXYHAY2l1XKVStQD32It6OzBsT+/Z27bu1ME0Qjyz7XTVms7vEMwfDI9CMPsop+TRweDhNe0FBLPf3GOMyZQMxMN//aYtQHYxBFMSD8BA94VX9zCsh2+j1QzdSpVhimSY2cX3ZdaN/rxwaKBwQDYVGTKAW2kLZ2l+j1EmUzMQ7e9M73Le9yZwADzFCjcoMhBe5tJprqds9KJdfHh45uIEyiluxQL5VtiH0Dhg9/mgNgS3dm9vUib3ngv/rm0tO5buH3g/MFM09ihshwLIcF4rl0MltU5AIcNcxtgQKTwxKknU6JfCOEDPob9wIXbr92DvSZca7Hp+9o5l6H6YMazd10dfQegEt5GaM3vAb7LB01fpYagC6bn3hklhTCJ87/2aZdtWj3fTSyH8xjE413Vea97HlKCLySRKzc+btjBCP83BpAt2H3DQaWkm3AgwhbeaQrwEc8LaNxJW6764BSZkmOYiIREzhtR86Oh6eFDMEq1jgML3IKYT39dfEFWNs4ikWFxpRgFPScuSiPy09fYDlaAWUtlGZOh68E/ishmRKDKgcBGdmuvDpTDhYr6srlSFN4jCxGmxFe7UWg+KhLix4TPpty0wfH28SzkPGzsU6yig4MDR+20pm94yvFl9aKVSyldpfsjKNCGxgIqOFDfa4lArwYXXXGQqjVP1lKr36jVueLFdGPR63WlMkBLmDNknzxwwIEi2tWLCvQxTCr2HqKpyw8zvy3X641yckKdse9cx8FpsmXLzQx9/Bg0iguYDQiE6KGugOgl7vr6L6d5+0czKaHUSAii8GeZ0ZEinEMP6dYaBt/ATYRG/wgfmrg2bwhMnPoj1Tb7MyBd1cJgVK04Sekiezv3KlyOUlGG/wo6idHy1Glg3DmM2rtBz6kUTdFG+TDaXAlsmZkFJiZaJTCVbPOX0BnqmQwuCM+vidVQ4+Thkfb7dakBUJ1do1x7OlhmNyy3gla1NN6RqGSicaXzC25toB/L5otriBjivkq96VCF5F5WUWkkE1WhIMX0rNen3gERZaYMNiXWanfv3YP09LtbEtFP268v9APPW9mDhBF/cBoNi+NN4S/IuU1faPJTE4RusCiu5bt4FWSE1I3bNnXEGQfDwAqiedQULf51KU1qJKgF5rgp7j07N7i9w4+h8AGxZXVR20A/XXPOXCle6loTvq2VU2gT0D9lzPJl3tupFbbjOd3advSqrmweraWVCC9sNg/92mhtMSnsRPXGwsOy24GllBBQLf2yi5lHV5io182xlQT7nReOsMMw4v3+NnppKaSwU4vohMPKT7WVwRP3DDENmQZSkMg2zavRBlevdBAlEwCZD01+cE2IOmFlsyVytYjTBJOY+emsUIpGlXMI5qXfM8naDo5nUddD4R3AR41zRvk/LGEKQYkvEshn/BbbnPkEOmnOYbdsvauVbEWavfG/hHuzZt7UTYZ09k/IQnA9Cb33VCETqtPxG0OgrwWqRobYidLYnW6GDib2PdsIkS3iz7OAb1WWbgeQxf8xAwQ7f6sfr9IXYS5XCydY2GpEwjETSjqYP7KdojJMS5u/oXqPH/9PtMNxU85JAQ94uL3ikanR6QYG9eMOZVxEjMXyUTcy/GJsB5E3MzwWG9G6SNI5xML5KKdCBSUb4OcQbGKbQujCwdmEkEqrbPAQRdTU6VXU8zL3ZXkWFgIM10PD4dvQ15r6H7X+fwLJpx+g/Wn8cWIcmio2+n3xHMZxWmcWJqMVdkQ0T0VmzNwlycOdx+pHRGgFFRsflK21vbiT/NjwbGWPAnS6TqXrg6f213CMoBHdz9wtWks7CPypOx0Qk8hv691Uw/+RRlN4yPo3xSUEz5znmJENrFbOsQ46ET2Cav4BCBo6y8Lk9wDIklHU3ZPqAs1WUYS41VyPu97wVYqjwvgqqhL0A+Yw3p14jrozAXLIsE1VKzcU4cehb8QLyUIXoAlO8R9mFLm3ojfnO/iMToiRg/os5rmfTiDrcKL/2BA198UWIAouPhsGiDDoIdckmbEz4DPDntLcgp6cxTCQt/jq5xEQ8QaHw2rapylwpe+j03RaIjp3auIpPfrnQKY16DcywuXR9k2qsEm93PkmHnpM6gUws5Etq9Nu+WUqj7/kLzTKNNcxs6HlR792BDVrdQQupzi50ss6+s4fvoCvBPFiM5/Fd0WtFCM5yU0Om8CxQqI0sguC8DoEeOtnt+wR9mJI6scwhlPS6FEodarV/ZVjImOax8Nq+blt1ZLn6ZMFbgudIw5LZV45F/SEiiJKFCA2XVYzXoBAuSjHCeSw1FTRarEfCQ8e8R7514zGTZuJ2kN6XyNNr30GQWPquHXpijYAHHidtQvsR1jA+HjKFsvStfhfeGJiQ6lu62AcJdF2N0ZV2p1LRrXvrtnhsqlrBZVuimz8MnQcqcFVtghJyNphWYnJX2DpvFhFeM+ydKAtu7OXr1PatcLJI0P8htyoCqeszL4bnVBhGE+R2ByUEr7HqFHP7nwe6DSqHgJiiaoMnfGsNjOTwzf4HksSHlu130vwH9aqthHpQl2k3jZkboQUsOFDzVpwWEOgCBUJPZNf3fT6HnkH5VVy4CYsQC0+mN2Aenb7hu6dYGC6PPPa6BbdBcbwxt4lOtltWXywJ76Bz4Hue89QswX4rVrifbE94UG+X0fCZ+zKY9vkK0ehempVq454dfix8GSHMxGzzAdedLE+JtkzqyvijZRv6gMDY94INEz1cc1+k90q3QPW+wiDRXJFiDZxfp7ARE71mOz+B2homcDhZ53My1TDHPX6gHgX6H4wAREkqeF0apbORYRv99NnIMrE4gnb+1znMvuooxU5Yvds0EQBNte/TIlUFfld3k/dZ85hZ/PPQKTxxSqKlRlbBeetajbTi61s8XCG4YUr035a5MmiBCom+QB1Dp9oSqOcrfKH+ZIrJlHIhD4KrxBlhu4rFqIRCL7qrvqV8xhn0T0vk1XJGpcriTKgblv2Dik6KS8h8v4/WdeXCTaxMqTs1LDYaEF2sn6O0nKS1NDrRSIsHcyZQWEuk2NmFG/B20m5X0LfJk+J2tbeMYXC//rG8UkK+qAp7cFZY0as7mLEgm5FlS0EPx0dKbtKRgOGLqc5U0c57wTfAarabVAdCpUyHCZHKrpNxrobSxf3Q4Vwi0YUIKysMw3gUv4qjx0iSHvYp6MrxZYKF73MrYXLd4XNScPNl05QwfgTyuYz8JeSGA6YD7uRDxzEkiNpZo2+Jh0lRERsWTPb1y/kP6/X5+ckdxpgsJZnFaZ97vXxLKfQ9p2WiGJvbC7GTozsreFeou92sRuGzbSBf0mhOPluRyXRXJTPzS4IbipighaE7350lU1J5qTFlEwWRuX0Nizd7cyK0/XAghWHwFG4DiF7d8eJyjFE3Uaq3AnAKdF0XtW21jOmcEqUs2Zn446ONuUD8Ajx8e5nTix/LrEYMoYhVhMQasrpwJFSoh0BDIqRsQ2yjEi2RZw74YRK0Hq0xl+7MCSWSwCHfdyq3WNIuJDE4sncHayUrFbQWQ4O2D1jXkpafNPtdQB9tMjIGxI/yIQTgr6BfohVbQeoweC0wefRhDx6+NkPMmDQ3brBJKz+IxRy+xc+u85eS9HBcx9DUr/f5jUNDK1up3aNuQSubD40OICDYIxqZcDIc98F7qXyCqSggffzu7lJzxTRJTPFbCPP719mTaaUGfDS17hh2hsB+qNvcLdxZVK0ICHWT56rAGDJrOJLz8WMQKBvRNDZbsZeRcELBo+aOmrTQvZXEcM96Xybg8HarD2oc7fnAJIfhK6JCMO3L2HLq04JqEX/CCITeX20ERvKorK7qIrxz505o6bgUzwrXVVVWFoce5fets1OyoohpirXG4SgGvG7xlKCOZG47yDwsvqIIFmaM/FIPdSXs3h6bW1ZGdMXjcbwXhcLbqQenK8mCF4Ax86A7jqJwYVtF1cjG24bXCUtsW+xJ0CJwh9LiD2EH2y9LAdmg8oa3MEtQc+feJoln4powMHCzzQ9x0WJoEOczZh62EtlrW3ZXkG27xmJABibTS+bEnPD8ME7F2tyOE6gyUgRF7DnrJirV3FCRfD0rhvWBjVfXnaO6nLxQr+1RtJvmXuQjA7vA/Xar8p/YSwIsBOVJ2XSI0Kq0Zc6IYS2eLoTi+Z6omGUNa94yCh49f+WDm2Cwrl+6OjSS41bTcrkmlEPLv4Z9QzGWTYJIFLboxyLawUV5EEi9QhNJ936izC245tpc15IYvi193mB/Yj3A3IixD5E1Ik5Pnbne6ZPGf24Oq4lPy0kETd04FPmEfArq4IdhunxFumk9Eqw7/5QWZC0Scw/QrVUp+HOJzw5c255eX5+eIIStRMhN3p6iBSmpSXtxUmnPDSu5cTEXt01UORY8DxBpAAdDW0yfK6EyYbPC7qvn2KHYAq/ULY8sQSgsZO6tBMR4dhR3OxrrI9iDjEnj8SruYCP6O0WgkbSOZYq4F1KGwGRom/OKVDW0VNPDQUzUbftGuMjwNmtkS9hpV0Pneb1CkQlmE6NlWzz+BSGp9NVjLjNduu+FJpGNX5SMqA/FDd/zo0UqC1Owc83JeuNua+s7mYP7dDgUnriELo07MjWnDGx/9Zz2czR4hQLZcpR+Fip2VMa8hTmdgGZhU2J8SIstB30e3VeM9r/JNvJbm/fv772MsGHx8QjeFM1cazk87tOdZmgnh5WE+ygG2JL5kPf4M7qn+7YvlmWcAIK8LjCrk6UQ6HU+w4oSeSL8pMtYNIpoOkrqZGQhhb5ui93G3bu1kAvhVHdBo6FmKgBPp2s87i32YR+wYba2f4RtEuCV3GoGutclIYxs33LWCZXPJtiSHgkOFdHEaMF0236npXoZrToC2x5VRVwv1dPODWkdfb5OsXJ6fVnwtISp69EtTG8MzWOVeP6CViI7FSe9UlvxbMGfPWf5Mu5TszIg6xZ6NYx1NbUhlKT4qxgVqsVhCjNb4uDW1r0I7xlZi/SuxIPo1GErDDHq+EC6Nq5G2Au4s7g1YG84y1vjDFuVcZjCsjGolONsYmWNzQvPS/cv32BuGoqZn9X632HYRhMsa4k81m3d7nymr1fBXxhm5CgTU5h+o/Tnr1oNCArqs78Q7C2QPiu5y/tVkI7yNosEqisyGI7rS3aVuGm+gJAXjQOOrm3cpnnXhJvid6ItA8Fya0TLvT88Ck+cxayNNMEQJDAwUkwl6SSWEml0EqdGNyHlcQju8y6Y+k4ThqdHE6bMJyLo5vlDYRxQzr6xItH8vgQcxf0r+Efcx4T/ECkEJ/F9Ge0X8uk4lrwWj/4o0f0BFQ5wo9usDD67+fhGZ4va0RMaQwJLbA32tO4fcHbjWs1nQu9tm0ooHHJwfPGSnDuTJKTi5nPMmFWUAWkN8Na+RlixWuE4pcHDMFepbbI4U0HpVij8cEAsLdsTzJah9yWDBML+hjZhorMun8ml+NN0wEvJfDiodqErzrTEsW0JmfNeas/NPV7GTAWCUtT7VesQN9cWsyRP53rIs0FWueTh2wD3jZ35qEtlvlAmdw7YQbmCJkJMyANHGtBaPHcnzjZR1uLGIDxSTOFLoLDd8xjuRn4PrMxbg9mePTv6aUwiiGh/7ju5qGWEELGdSIL0jTtMSwYolVTwVRzbPqzk4XOwfLR9QHytvyMP3x6Q+JokUHNZk/dcaMfqVXGQQonNGdLPM5awdI/lLFKcrlkxAyFS8n2jD90A+3eZumrjQCtASEpDLQ+fHjt56tTVk2n8ci0n50dp5FkwELDvtbGGlFcfOon9EJ9grpCe266E4MyhjYAAkYtGsyniJKORiCP65iMavS36pFgPJWJqWDHihe7Qq/evAbmXpPlHZ7tT/u3tW3+sMoRWbnR1UAvElP5XICzflwBanQeNvxQh9HtUtZTe5cxQ8o+wh0KgvEaGRuHJ6yl6Px+H3u8nyRsNoolObjD2nGPx40slWWu6t9D10vkDhhR66GeDbrT8+qZKy1hE/aTWdRPilFSdaWav9IOquYsRzDDQmdhJI218iTFKaBkztnFaQTNbVlypzkS8WHqxKljKdlmpllyddNmqrOzSmXbAueBKZdYkQDElzCzRL0WHjvjfGinTPadXSo27srPmzBsn8EKcTcRrefRgdvYJlQmzGOVeftUQfXoitBXDWseukYJm7usJd2Ud32pR2F/0ydaHL/97ipJynpBft1uVaZWYkd1LoficaKTR2287LArjDZfg9S0hhDU3mzTdYxJF/SriKYQ2/ueG0/7ZlAU5si6xccnjnu0tLKKLQ8AsMoyoyKOWYylctPdYtc/p8/ZVjb4Qgyh80673JQlYYM9bocAAHOImoYjdNeIWEveUaqs1J+nkAz1vidrGCGbmyxpdXIix+ja2VGD8LhYemUnYZLoamw45vCn0lPBeFmGG/NYXipoGrpLdbSgCXVouuW98NMEFOdKt2ATSGn/6ZvGnJ7NbdwOgAjt3853WqM+bkQMRIyiDheWXREYObh4C2DDmDDiknsEbH362t3mrFM/vAy1FVhfCFMcYhVmLYys3xDTwi+1hriozBGWCvnE0/3ncgnSqLaqzDJwuxMLAbnxmRbU1GmtV1Dfgo5C9rXr9WWX1OsWBO0hCmbXTfIcXRJVJUwU1ZabjGWGPTmYQrHp3+oIheT6nonsgsSxdCvk8feOTbFCJ0ldV8CnVUlKPzmsqecrDXbOcz31wHh1UWawmLJ4AGXdqYOK0Ysk2Z1vXg9Z1IjtlE7dNbmDSVuxuYj/TuYDom2ACA2u3ZPZ65w2K6bY3mTMdQ0iNWeVKC2OEQmfKJalzsUUkJmT0Qq5rKwvxiFJMBLANEZdebFHdoySBCZVKcswipjW2Hd8/zPUW8yghIAx0MevT+5ZWfsMIYhx7Qra5be1Lmfz05OjFURzZgyMRaowl0ejFMynteBfi3Ul/jtvufM+pq8R1EXQBAk7UtZnZ9Q0CgvBQN/oGg3QpCYslTAipwOl6tjGFr7A3jOXHCUsmKnJxDzsh4gevImzxQ8P51uzOsrh88sqlm5LKj2TUT9Z8L1aCwbaEktL8k3plrmpIbbwELCVfftharvaFzYk1dP5CNZfOR4sE3jjX3YeeuEPe7Ea8CBSSF1jhg3BGS+k5CxQyENM/0YGAAvR3NNoQiDuJvGgRA16VgbExsGMa4W4ck/waGEW14qUpmK6aAStfBTE2G4GysMI0MhEg9j/WR7ZfLBW0N+i3YV2N3pZeceiWOxsA4kLS5D5s+wEUXpTj0eYtGTF6zgsElJDNdtAJhGzP+RkphN28Gk8a6YM66Bwj/IfCC72FGZovTouu8843JL72jdWHsSJDGjJJKFZIp//xTC7PGpZ/ZyAPP4D3UNi6aODsYLIo4UVtz/NSWIZizFGpU+mrQbhiJbwR0pL5uaPbnuJVGSLeunPg7BAhg28OfYqKhtZkKG7N0s74xvdzmhrZ/jdsQM7kLLKQvmgElmUoTl2mLOAm+Z1ZLcqNaLwocR2s6QwYT6FHHkRZpKqEiqWHwQOildkS3uS4VKzfRq3+xoYT/DlXKBE0SL4ejZM0brmWK5B73OcrdEDe6z10AQqUjH/VajSaDEuKZJ4bmYKbs5LY/WLYHznLTcn5JC3lQVHJcuy8Csx2qwZY1fgDwnH0pt5UOgp8UrojfMS9TOMIThl7XgYaWOuG77DSIK12JSdhqTj9OR4Oov5ThKHXoZA/VYvo9uTZphiICuB8gtC1AEfxiuDODAa97NX3RvoBVoO9QagGSCndww49K555gNbvLFBAS55jQIw6MJAZ/XMu9XNkhbMU6l7YyVTZ/uT4xMQ4+N/mpBy429fAANIowL8mVSdq1ydHWAySYjsdw++JWVWS+EYSw0BhiSJ0C2U0durPTsHF06bww+uwMQ+5kWNn8rGbo+VV0Lq9OV8If4O7EGGySYlIiZZ3e0m0xRp16ZP/MAnBgafYjgMMn0mnLtm+83eKMfgbwWeC0sR9KGp70tCOpl0KKw7nW/RIiCRwslDAVuKvBnTehLvweXTWAkGsmMX5niSNbogHBDscSphKR1kvMpBqdSVGqoKG9atT0gF/EwVv8F5KqgiaeaLFmdjzsiNqPPS9x7+ZX5d9N+Yjf1CniVKC+P5bYfBlorI7HTMiKbSNh/FgLYhF9qbrleXd6KkJweZs4gbqHm+PlN9QKAyKsTTVfKGqWjw95gwqEbpW80Nnj/1WOkFi/UkjGOBd2/yfat41QyUCbsQQdlkCjntLIQwkODls8U7oQMgJXBMNWtbMWcQXy4ZUvo8jU7Q34KBihxd4zHKi/nmEC6MKfOL7urMI9v83oNhSnucHDtGwLTSU6mx7Df5hch/amOVIwnmjASbCfCi67zWWi/DICgq8TBNbD+NY5w+TOJpUJkBvXIzH85SK234YOotYjD06TEPDSPfEAZsnpdGO1DKYfBwNnSfIQ/uGZ0VhuiGdB0yj9Uxk6CitETdvzgjZW27YDm+NYLLgD5Moz4coSIm/KKN5SusCpGjb/O0WwY9B05BGry0wOjkpvolIhBJOQpPNMuCsVsxnnVc3iMtmM+UsCDKnQbuwB/FUQBxTtG/K6Vl/lMRcjL26igzEpNNmVYS8NqPmS79FILDQpZPBIYNeFV45l5ZpyLKFw7CqFGFlsbIMxQxsvGwnsqNEqH7YRE0mnHF4w5wmG7//oLrB2Vg5bXRMFkVNsu74nlhaI7ADfoNAjLBKLDqkCRV8avFC2nLQXHFvJZ8mdBHLUbYD/prxkKFz33mDrvPPZeqL0bnYXYfIrPoIsax/0C6ie3IBGQgfbm5WueI7LRUs/QACR89fu3bt5PnRUWlCMEVXbBn9DSdpYlXXjQqJEQ55Oo9zIyOzhJ2yQOBPj8HTD9eoOt0VU9uqMAlsyBOzIoN+Hby62n2CgvrRH/FuzuQ+vnhajuGlbD7wQyNcwUhY+r2nx05eO38x9mrOHzgrB6K/F1zvM4adBm9k1Q6NvR7yLeh/8SEQTFuGz7+hatXw9UlCJkRyWgPOS8GRGXnMc5VG1h0bw2QPNN60jBY//gMkXhw7ISVUI1/Pccezll9hMuOj0xJ60rPiRjZTJRQuFcGhGmsfOYuIr2KmAiOHKRHazibJu+S5cKokT76r2sY0dVkbtqeE1gZ1zPTl2dorHJFKP4shS7oBVgdrsLk/VNq/hgJaZrOBB4a3gk2/KPhngWeaK/ODhRjgqma0seMAABlhSURBVKnM3NzeWl39j1cqljUwCj6yFRysuGZOurC7SGRbyzILyeriAYN/9ixMCJOGgfOJbRE9wJlv4N5F0UqxDLf7RRTPRfNt3iiyPzZKQ5ZBKatAMGOFszgxHqFzyFdqUoYsixGulD1pRcLSLe4sOCsm2BVSPXLmhG5XGd0I9nEydEPUHhEZjBRvY/ifV7edGQob1LL1GzxaLcJ9JcXF7y0IHiuv4F7QX+dk57cNN6C9g2C33x1MncfhbWyqyn3fWV6TW/C8bC+ldOZONQrn/t+enCpL2J1A7i5F95SQlgoanedHCqmiROZqcMMZp/niVuPvzMVONvguzAODvC9DeEU3DBFUQcfixLf7y6BDfdCy4QzuWNYM5KxG4LA9wzTt9woqzlAu0Fttbt8Q88iu3M3T0h+n5YqDPWiC/4D6gmxGaKZiplnPcEuNZ1pLB00QgbiwAl4Z/wKbaYrg+Kok8Z9wR5d34Dc6H1SeEFIGs/NLJUjVsrcwCR5biXwFliueIeZsgZf6O0m8BH6JWf4egegrOJxMJmou5vJFsxp7ybbYpkiguNGFzYoXDIz9syNkNM5G2Bji88l4erRLZlqx+ciraOXQmNMv17CHwS3S9dBQOpsarkXFdsHNXSdGMnjiB1L+fSSOSbO97IVKDUIJNzYSEOOX2Jyt+9gLEtaKJYkh7OC/baOBXLnv9KsZowsvlhR68Xy6DTmwoERngyWZ89CKD9YRQIzEEiJhgtOhFSrd9hTFD56jt8DMSpyi9H3rISG/S1BvguelruuhXt1BN+amVFh/zrnqQx5P/bTF59jB2+SdTlmIqzAZWly2eo294YeeZwjs9VKUTA4Yoc1wsexhcCO4hfpU3Qmd+zQZNObmiTpZ5b3OrW8HT0gMW9lY8GLZsfaL5HdoVDyihe45nqj9A/dynEo8mcuTDSO0YQvuLlX3gV/qvUwIaOtY4aCbog8JA4TxqDX72Z0+/cNnCaPqSlsoOqhPpLBliUkaj23UKNnbx0/KbmQfgitTujeuxh4kENtQb48T99gOHCKC2JbgId7cBONxGqzf34IbiqhOM0rUIkY/DS+DXUdXRaPLKba3i7Bw1hkj4I/06h2++ujJaluX55kg8JmW4Y5O0Bi6SD5u4TSAHkAGOHhtDb6iOIIyTD9+zOMJqnY0wY7to2IaglY8/qcM9vj9nMaqXiTqcaUQvZ0XQok3IVYK+Rb2in4plGz2yeagHh6YZc1l4JD1qiAuuIH4S10x9rErf1b4Ai0cDq39JjL62wB9xWrvmfCt9Wh+bQRsZrEe1/ptvTYODvPxcjeXJIUG/4p2mlbP5HCCFARr8eBVXBSP/EpmtNtKjeB5K3M97IPb7gX3UTtCcHKgntYhAI8q0VjFC20TT7U7N9u2+lt0fPCr1s/hiAlgLl949lfiasWZWpz+sL8fPzo5dnDJnP4yFy9JIUkxX8lp6oywg29oAixFa9kpPoB1E9uYnchUNY2YwgWcZKapGzgiUTlsLezQEoluhLs4FZSsCr8j/B1Rt9rov5bYD9wPFZ37W6rr0qlKnO7wonHzeMdkpFJap3G2YOyjXIHdCkM5cywpViP6rJuo4LsSbTmXrQpK23cfpz6a04HnH+arGop0RVe4Iu6g7SftpKKfigPm9Z31EdwEDHS5PDPGl4N8CJmWeBeIoqeIdhxQGM7+IHVFr6norU2BjnFLZsM3ojyNj/XElB+r+TfSooQtNrGHYCLbPYpz2JwvEUVjbgc3egDPPePAbP9xbHh8A31T9rmVzdHZEIb5vIrTcFyy1vV4dQezIQV6v6qAi+6HDVU7jot6HnXpYqDz2zIBW0DxqAguvpTZg9yF6+AQ0AfgmfjJ5fKGHHhVyUqiHQKBOB+DbYuoV0KzFIbewiOWL41EwCg8TWik0s1DSYB/CAwE7ZnX1CdZCbGa0lWnIxWh4E1oseOM0TotXZpQKOHPuDMgQBqp8NBqoRLFCEOmC5vdlJ8dbOI5QBNBVv2Ba7xoYpfz7cA7BC8rV/QEnG66YoTybCT6yu/tnvJEexNDQZdML2QHbIsVkJpSAe79VxFwUQFbepzq4qc57Dq0HN+ZMXFmxOdtDrKuIi7pg3isW2kk1I1UHdp3cX/SptGj4G0B8Q560UfoGFui8DVXrXq+V2GuRlezrW+2bwV1UxahaD3T+weW5DF2bsisJJnYRVh8eIscA6yBJp/SKlAQ1D+brS8FsBuiPTzXR0uFOHslfBWj17W+eTUSd09nFtBCHjwuSw6OUnjtnopZt9vg2ohZnPy13CPBorp5Th48sDmXtaY+sBDcG7Vdm6YljbGm8AylgonA13bfMHinXzhwr/D0TgtiPwsselKfRFUL1j9D4SNscq53rjxmQGhsAYXfcr0fzW+ko3oUISfaqSoicPTIhZePZ09L8YJ5zC24BDH/aecU/vH1OYxsFrknKqyMw9EiHbPJhdeXU4zwXfpzjXt4ZIwX+ryGsY00q1jOpvez4MFd2Roapnon5YCyRQtAYfZIMCORNJwcxZ3GFCuXKH31EFWWcQdZuNJ1X3W+vKfKU/fKy6LH2Nh6MKNqZVq1Q5s3TBMM7s4SNzB4fv32rz9L5Ei5shAHE4huSrMi78EmZfVMYQznVefJdh+e2ceUE/BQ9FpvWSmDsMeKWn9l1FXNH+Ziv4hPg7Zi38RTabFfNsQgH0SRLUYdsEN8A22OW5bheFfbc5oj2JdqNgUmQI6hT2/KTCIZn58DnTo3TbtA6xxctxv1UEggzqv2jQQBGUQKpzvBhtx5YRhib/pua1ElTCup8zy5aB1iKBR+KdKYZWuVsfClkalnAgdpdMHucJdqxbKmbqLDAUIm5jGjWqazHOvVx4AyfCrxz1RlZKqsyhg1dv2u5iQEIeM5YuhL/+b0dTH5MYXfCjt1QQ0LNrVfrdRX9ihB7auZ+zw5qVWXmV86LuTBc57Vvq/KEaB0MjIUpSOjMYXODISJxaofN8TpcuArMHui/cvxpjClk1tKVLZqJ8e+juZwPEvUE+aGOKVzHkFAmd1i2NYsqo7Atw2E0AJp8y+/HY9HFuEVgTc3L/xkVrgP8aJWoH/RfYiajGjaRGeoTCfuxEMYjAyFvjGPQVRdSVKntvh32SfIiIYuw3HgfVdzaU+eBCdexcfOSmv/tDcQEjjqWW2mcbwUSEMP+QzGfUtOuzG//WBHVU1GkmMW5KHfGtkJ4jlEWCKVpwbRD70oNOynbEQKKHka6IaRHecAv4U39sGZpytONz/0BCNThrzIH/fUmpN/7hyWfkU6fTjrJK/udFiYGIjb1IUb3vb7fJp76HZM/VvMtngYU/agb7WegUa15GCChs6t+i1skNEYWanp/X1xhq1Eu2Wi0f+KvDRANvgEaKwHj0w3jgqOi7i5PHZybGw0MaSymp/HEa7pHPpETD8GAtiPPY29uu28klhRbMHPJwjhzg2TDQ21rn/Gf0QQFanx5g4OIHDz6qOGODDJQQ6k+KuJoytBRtJrsLFi3qxtxke2F343pP/02HuXZC0RbFbfrMTQADVRKJBqtodAHjmG2y05TV5K+vsXro5dPCuBgTKn01m+RGruPBuX2VONmE9DfnDaCGglnN/umvsZnIdeRUhn2wqfyAL475v4dvnqpeTWQ5T9gId9FezwRntEHmec7WQzfMQw4TEXjMjjgHPvd3TAWVlWnu767lYLk2jAb5njV9mXbW4PmLetg+/IMNAXWe7uE42sOSC/H8etEscHS5+9FCOg4xl1DwIZ+vW4L84Kg6fJc2x1SR+2jQ+RwnOP5h/Om6SvIQRrOrQSn9cpe79mWIIFx3FGO008X7B7rzpdHTyaAGEughOe9RnnQUj/YoHN3JdnDheOjUIdxQpaXPHLE7q1oPjxZLJuSVB/XJQ5QLKUUQy2MY3ooJeBofPqOCn0qIBLiMVdSjxysBC1+GAoeeoUmbdx2IDddWcTb8gOl34FI6LW9Uw0ZvtoHekzTDvLXtrfcShmYhZdl6rqiznH6yvv2rrnyw5mYOJ8FmPAJ+H7yF24PMf7for06HE8UZrU0nsU6q04jYin8D1oWwO7NpXIW54Cz4OtB9k421Z8U6NT2N+hGw2pbI6bWsSytSv7Dfa2lyEGsKPeL7b1hWl57grojsksvl52gUgK4TUN6fV1mJhD3Fyq7iF++YoWYhj8LZyElp6U1Efi8jmqlVlLZMeN24jQybOVOHIT8hSNwvFGL2JbQp7cblQajsM9nJaYsYWy6cPZGslrJdQd5FE2RAwxNFdr8oWhmMQjLNK2ntPwanWia1wkBEUOWQqscACUCr9K1FnJLdGK1ZsCCMUm09LDsK0f8ODovHYsCtFAkBeOgWfM9B03a8vEnrMto44r8iTzzBwIowY0lcx0QFgNe9pSJmJDDv13nvLCrhVB25bZC6xUdCo4me+BfedsgTtEWSOb7JJrCXbhk0R29CXZ8J8/DoEXcjjtsh0bQMPo6zZURNT8hOEEoMuYFNdIZg6EcReFdFwksYOMANIA9QJS+DTxGwzd2qU4TfJh0Bla31uR8TwjwiwYZctOT8rHUDzELJBGmk5xpvDotONQOCplFILBOHDIXL9hiSCYm5UjkGRxCics00zYyDGiZSsJHNiz/Sk8zDH+2CkJm+q40/wOUG/OWtIRS+KQTrSEBYtgbhxTPtfbBxDwdpu57OuUsTb/ApX2cSiUecNFmSyTkQPEd5jWcPzdOx++/InJ4cC5JPOPBiDT+8vvqPBABxrjQzCengg0msMxfH7qN8AWQ7vS5n7WYYj/thXPt506U8GP+xnd4cxYPB1UkphlLqmkFQNb3yDH46Fsu1BjgJNteN4NrtxtQqCwNkKwWbIkfbGpZHN9lMuTSZ6yWLEwg01XUwptG0dexMYYDyggX1p+h8JVgsaj/+CBmApFj7D5RiOzCxhjd16AZ7zZXlXVyCbvPAiKFYOh1ybwtExlVBTsbwk9JQhbK3mmkvioOS0ZM9aZGgNblj7vmgtEiGu0nn45UFihCT48j5KxbCkda/ESKawMqvrb4Me8MFENrTs3evMhmGsPVtS8udxtbXDwoO9j6NKbsnMmQcfowe1zjJTzctYYnhsnh8Vd6haYr+byLssYRJzVTeuZS20mbQ2nMdHzXHRgU8hDsCsvB0zYMBTR+E7Fwva+6ERSHb/Q5k2qFbe53xFv5ydEVbx2hIgGQKoKkAbwzD6hNB34UYh9+NyFrI87hgqy0Qk79KhYdjuxMmh88SWLMz0Xpd9d56mUekBhoUDviUzJMM5OAZPqiFM219oDALm+H34CNihjoXzrFp508ropxatoltfkRGQv5FWNaZ0D9WRP3qW+dMFl9KafdhihB+AvkulUufrGHALEZRyN9ckSq3akVGCyLm9+n1GUMWpDCWfxDCL2JHIOugHwDZPFPGtmmjesqpy98Jp1tqvSS4lVuu/X8nj6ZAfMdunC+QPZZXTvIOZLN4ttgDtFJpJATleCPVVLPcY8tlVtpjOGPFFFqCFpZcNL+b3tPax8FDcW4l7avo1qIVJzJUOgobRkHuP1cqbx0Ui3ZeLX8MVnmIUAqRy9fPny4CLWGemgq0upmHKvDbEqrcTC6FtN7L1JUn1yWiGpp4ls7hcRoPTAylAIm4xX8MBElTadBC+QoRALXuAJFV/VstV+YxIF7fVS+ycRnF++FcW5MG9JpvSP8mglgZrL5rvXyGdpgX5t6/KYTiGPkUkjtw+wuGO2pXYEk85nKI5W6jmlyBMtsLYFSiuDR+B40Qum4YyqzG0Blyb/ujPPIUSFQKWVzP618IzbowZRQ5BckP2UxbSyYmBTWJHlyb12LOiumu8ijDFl55Lp2AfTfaOFIDmaOa5FMZzZc5i5eVXLqtiMzxgAv9R5Q890wRn7I6+dpzkpN+FzBw8EUuTkNVSeh791SpZy6M70XHdWra/wBqNgQJ9xNKd1FU+QTz/jGnixLmvLviEd2IwJfJfWurYOjxMEv/ZJBPKadRbTn8QW2Pr7jp0JlBW+KhtgXivXJnchu5OoaGNOnhij5aYOyYBgiEUYhI/9868fqmq+VKzKYeb2OkNtmgDQZTf8dudY4HmGQNJ/QnCLFdJQiRAelVdXBksoyHUTCLwVZs+/s3UxTl87/r2O3/8ohagZUWtTxbGiuUMSyh/n5OA9r/8orIgv/0o1ui10zwaXrzZJO6cBYQBVUttpuimcko3s90OcN2nbtXEsK45siYMDzxSZVNxnZdjHSnbugq0sY6bgNXPemNCk052Kuq47+3vgHEJwcHXAq1E1mss8dOzuWZCxydb5nJqna+i6BwvcCObBg04U6nVZZ02Z6FWKaMrUV/WaxXltB6fZsTq3DyQ0ZK1CeTxS0g6MGRMrr38CiOx4Nbv+CZ4g5zSLOGNuUG0HnJ+SCa6Bh0fGxidUd8avC1MrT4GRFD9+XRFOsIpQQvmm9yCCoq8WUuMuVsepHOdH1E8+kQMLzXUwNAcxKrbte9F1ikjdLAjJsL2FIg6Ter3piuhyF1gtO7chtJ3dBxIMfXAjf4odp/EgiNDzLDv9ZjmHbIdqrAb+5Y9UXfbsYIKkPodsFmsmBy1CEL9Qa2z8QyVYMy0VCi67HQw+oVC3o3s0b072wDzB5OjPcK7ma0JOTkvPsSdjAnvMEutYZT0oBqhI1TlZvdWdymwmTAXK/kaxDAA8pGzPCvk6ST8BtRk4NnFuV8J+LUM0tlk84YY97WlfzESFenSPaGwz6g+GA1nEfU3w11lMANP4SPs46LZrcN0hf0gHmUX0M8laTUC0Xv1SVefCWD9Y8mDDv2GZlHPnR6qRdS6axdStwt3rFu/GW0G3sUYYQkjbfiFrNL8u9GAAu1lhJXgCHJxqe1n/ADd+gwyWsMFLHogUSfyK13YMz6+NjC/D3RZ4gOgBSO5lmcI269W5r2Anvfrew15BPWyBMreDcyUwdNPN5h7YA/U/t56TTolP3sZZww9t2VwRC51tSJgFnXIG5Nzgbnuyjd2s6j3JHN8LnU1U1K/dDCUNeDzfKCiuVbhdUwlpgBoJ3dKANmc8pFUrU0ZGXI18CG4k97xgmj7jnj6nylIy9pu4eKSMzJvGFEr4XBEo8UMd/F9UmxG6qtEmsP3jgTAc2wsWmVYylxFP24MdM5rYCf/6lbWb6PxXpADtQlS/7IgvmFkMfQ/nOgzYiWMx1s0tI2QRkRZe0CSgRjwHj4tz5UhQN59WoRKMnTw6AwE0Hq82lzA+En9fjODS0a7Rx33DFWWW0Qu2Gbh7lf7Jkp4vU67HmLOEWH02zcFv19umhh0GDTNPZrjnP2XaoOLO5etxdUOj48BobGk5VzJr/o1Ik70aueTMmkL8c/x+BFvn1boS+uE5Rppc8cXf6ddRGOJZLuqBzhtEH4s6lp5Wnf65iyECpI81HRMjhZIqwQ64gcmGE5hgYzcCHNVcGIh3wB4v7EgzGyCiosJKZHOBRzPy4PSbn95M5uTnrl+60gnfMFGOvqUv9kiJwftwLsY093CGtGa2FSVbAcICicC5tmTl4DBDQ4wzcEeO0ZKI4a9GF6PAqd3GvghzfVqeNTLzcBNVzSFBNNZb8mVzvro8i7Uk89mdCaYdEZKgvSiZeNhgi2llcOFq2AW0b/E7CB7dqYoeeD+2X4G2In+1BmSsfpD7+xiFw/OyGMrMR7cIlftHLcrdREeKebNwaPlKDsbWKBtR5cAAlWCK9PCsiZyhSe6Arm4jHmrPaQPH2bgt7mDjRXGq4WRLrrayP1IGwmuhfyAr58vE7XGA0KPxCd1xO3c+nQGV/nt4ge6URG/EL41fflTia1SG+tO1anVVTiLcXJdh4k5zksnT3dnkMsJUMNpAv+CxWi6U2YG+MXChFv6dHvf4S1mGTlAhnRWPaSscOd7vcmZSplxH5r3QImo4IAuj47LGZA03T3BwiCYPzGDPv/qwUeOCw6reQqh+Jdu3IYnVQ31Z1piPA/TG8O2odTiFcHPG3jsF6+TY+TMXzrx3dL/OzVwBwk43AY+7+XT+cj49LCyP6Wd26/7MZ7O3MaAi0wcDRl1xvgYKj4G8lOv8qUPW1ffeu/bGxr+fySUikiGtIzSxjZHHEsjjEzCFPiPs3hAUTIhvSGDbG5vN80bXe0cKytlkLnNyMBoo54nI77ZCJePMPVBTpSGef/EH1+jY+ZOD18VY5oBK7BWQ7YkMvNFQ70uLe37wBLbtm53H97bX6ZMfxFboYacPI0OhUy+6Q5ne+lbXKQk2kymPLGAcKbSrZuk4xZh/zYXFqjyZWOg5SipZAqu+rx8W/osujLBds6oMGLbIZS75bRwiPMx1XmZ06geQbrriG208BuUNDcf6n1tgLzT688EzW3yIQu+br58i/ZddMpIzawOm9Pn8qfRHh37i/HCXDALovIi8TkTRyUo9NvN/bHLEv8T6FMfE/ZI0KaTJVdyEuh5sygzp2zsyYSjrvEy/1yFSDMPQ9vR4PgXONlNEU1Y1/5fLKI4y1PLljflWpbFbcwIHAkYMpSyhi7aJzXT/22U09tc0E9ORhN6aePL5y5cfJutnOUvpbZ+u+4bX+RjWn3R9lGjvwnFyQzuN7S2tiweGNGWTDsdtH/kXXWfPXh4bO3/t1KkrZ96/dPPTPoKHfkDS/8y6PJqu/6MEvlvv1rv1br1b79a79W7h+v+fqKDb2JJA0wAAAABJRU5ErkJggg=="
Morehouse,,,Maroon Tigers,,,,,,,,https://cdn.herosports.com/upload/morehouse-logo.png
Nebraska-Omaha,,,Mavericks,UNO,,,,,,,https://cdn2.sportngin.com/attachments/document/0135/9674/icon_acad-clr.png
Northern State Univ.,,,Wolves,,,,,,,,https://upload.wikimedia.org/wikipedia/commons/3/37/Northern_State_University_logo.png
NW Missouri St.,,,Bearcats,,NW Missouri St,NW Missouri State,Northwest Missouri St,Northwest Missouri St.,Northwest Missouri State,,https://upload.wikimedia.org/wikipedia/en/thumb/f/fa/Northwest_Missouri_State_Bearcats_logo.svg/1200px-Northwest_Missouri_State_Bearcats_logo.svg.png
Pittsburg St.,,,Gorillas,,Pittsburg State,Pittsburg St,,,,,https://upload.wikimedia.org/wikipedia/commons/thumb/4/40/Pittsburg_State_Athletics_wordmark.svg/1200px-Pittsburg_State_Athletics_wordmark.svg.png
Regina (Canada),,,Rams,,,,,,,,https://s3-us-west-2.amazonaws.com/scorestream-team-profile-pictures/291111/20181011003232_497_mascotOrig.png
Shippensburg,,,Raiders,,,,,,,,https://www.future500idcamp.com/wp-content/uploads/2017/01/Shippensburg.png
Southern Arkansas,,,Muleriders,,S Arkansas,,,,,,https://upload.wikimedia.org/wikipedia/en/thumb/5/56/Southern_Arkansas_Muleriders_logo.svg/1200px-Southern_Arkansas_Muleriders_logo.svg.png
Tiffin,,,Dragons,,,,,,,,https://cdn.herosports.com/upload/school/school-logo/tiffin-logo.png
Virginia St.,,,Trojans,,Virginia St,Virginia State,,,,,https://govsutrojans.com/images/logos/site/site.png
Virginia Union,,,Panthers,,,,,,,,https://s3.amazonaws.com/sidearm.sites/vuusports.com/images/logos/header_official.png
Walla Walla CC (WA),,,Warriors,,,,,,,,https://warriors.wwcc.edu/womens-basketball/wp-content/uploads/sites/2/2017/11/walla-walla.png
Wayne State (MI),,,Warriors,,Wayne St. (MI),Wayne St (MI),,,,,https://mac.wayne.edu/images/3d-warrior-w-stroke.png
West Georgia,,,Wolves,,West. Georgia,W Georgia,,,,,https://cdn.herosports.com/upload/school/school-logo/west-georgia-logo.png
West. Ontario,,,Mustangs,,West Ontario,W Ontario,Western Ontario,,,,https://communications.uwo.ca/comms/img/downloads/Mustang_CMYK.png
Western St. (CO),,,Mountaineers,,Western St (CO),Western State (CO),,,,,https://upload.wikimedia.org/wikipedia/en/thumb/4/41/Western_Colorado_Mountaineers_logo.svg/1200px-Western_Colorado_Mountaineers_logo.svg.png
Wisconsin–Whitewater,,,Warhawks,UWW,Wisc-Whitewater,UW-Whitewater,,,,,http://livestats.prestosports.com/logos/805.png
Rocky Mountain,,,Battlin’ Bears,,,,,,,,https://gobattlinbears.com/images/logos/site/site.png
Ark-Monticello,,,Boil Weevils,,Arkansas-Monticello,,,,,,https://upload.wikimedia.org/wikipedia/commons/b/b2/Arkansas%E2%80%93Monticello_Athletics_logo.png
Hastings,,,Broncos,,,,,,,,https://cdn.herosports.com/upload/images/school-logos/hastings-college-logo.png
Acadia (Canada),,,Axemen,,,,,,,,https://s3-us-west-2.amazonaws.com/scorestream-team-profile-pictures/291155/20181011003248_397_mascot720Near.png
Bradley,,,Braves,,,,,,,,https://upload.wikimedia.org/wikipedia/commons/thumb/7/7b/Bradley_Braves_logo.svg/1200px-Bradley_Braves_logo.svg.png
Menlo,,,Oaks,,,,,,,,https://upload.wikimedia.org/wikipedia/commons/a/aa/Menlo-college-symbol.png
West. New Mexico,,,Mustangs,,W. New Mexico,Western New Mexico,,,,,https://collegead.com/wp-content/uploads/2016/03/WESTERN-NEW-MEXICO-UNIVERSITY.png
Carroll (MT),,,Fighting Saints,,,,,,,,https://a.espncdn.com/i/teamlogos/ncaa/500/2104.png
Washburn,,,Ichabods,,,,,,,,https://upload.wikimedia.org/wikipedia/commons/e/ef/Washburn_University_Athletics_logo.png
Heidelberg,,,Student Princes,,,,,,,,https://cdn4.sportngin.com/attachments/photo/9262/9268/Heidelberg_medium.png
Newberry,,,Wolves,,,,,,,,https://www.newberry.edu/images/wolves-red-logo.png
Bemidji St.,,,Beavers,,Bemidji St,Bemidji State,,,,,https://a4.espncdn.com/combiner/i?img=%2Fi%2Fteamlogos%2Fncaa%2F500%2F132.png
Shepherd,,,Rams,,,,,,,,https://www.clipartmax.com/png/small/115-1154762_shepherd-womens-soccer-data-shepherd-university-football-logo.png
Ouachita Baptist,,,Tigers,,,,,,,,https://obutigers.com/images/logos/site/site.png
Hillsdale,,,Chargers,,,,,,,,https://media.ussportscamps.com/media/images/swim/nike/logos/Hillsdale-Chargers-Logo-Horse.png
Wisconsin-Platteville,,,Pioneers,UWP,Wisc-Platteville,UW-Plateville,Wisconsin–Platteville,,,,https://cdn.herosports.com/upload/school/school-logo/uw-platteville.png
Wisconsin-Milwaukee,,,Panthers,UWM,Wisc-Milwaukee,UW-Milwaukee,Wisconsin–Milwaukee,,,,https://hoopdirt.com/wp-content/uploads/2016/03/2509967_mktg_logo.png
Assumption,,,Greyhounds,,,,,,,,https://cdn.herosports.com/upload/school/school-logo/assumption-logo.png
Ashland,,,Eagles,,,,,,,,https://s3-us-west-2.amazonaws.com/scorestream-team-profile-pictures/274088/20181230190322_469_mascotOrig.png
Limestone,,,Saints,,,,,,,,https://upload.wikimedia.org/wikipedia/en/thumb/1/1d/Limestone_Saints_logo.svg/1200px-Limestone_Saints_logo.svg.png
Canisius,,,Golden Griffins,,,,,,,,https://www.canisius.edu/sites/default/files/%2A/logo1_2.png
Delta St.,,,Statesman,,Delta St,Delta State,,,,,https://upload.wikimedia.org/wikipedia/commons/0/08/Delta_State_Athletics_logo.png
Cortland St.,,,Red Dragons,,Cortland St,Cortland State,,,,,https://upload.wikimedia.org/wikipedia/en/thumb/f/f7/Cortland_Red_Dragons_Logo.svg/220px-Cortland_Red_Dragons_Logo.svg.png
Mississippi Delta CC,,,Trojans,,,,,,,,https://nwccrangers.com/images/logos/mississippi%20delta%20logo.png
Texas A&M-Commerce,,,Lions,,,,,,,,https://upload.wikimedia.org/wikipedia/en/thumb/f/f8/Texas_A%26M%E2%80%93Commerce_Lions_logo.svg/1200px-Texas_A%26M%E2%80%93Commerce_Lions_logo.svg.png
Northwood,,,Timberwolves,,North (MI),,,,,,https://www.northwood.edu/photos/athletics/athletics-timberwolves.png
Central State (OH),,,Marauders,,,,,,,,https://maraudersports.com/images/assets/navigation-logo.png
Pacific,,,Tigers,,,,,,,,https://upload.wikimedia.org/wikipedia/en/thumb/5/5e/Pacific_Tigers_logo.svg/1200px-Pacific_Tigers_logo.svg.png
St. Mary's (CA),,,Gaels,,,,,,,,https://a2.espncdn.com/combiner/i?img=%2Fi%2Fteamlogos%2Fncaa%2F500%2F2608.png
Wisconsin-Stout,,,Blue Devils,,Wisc-Stout,UW-Stout,Wisconsin–Stout,,,,https://cdn.herosports.com/upload/school/school-logo/uw-stout-logo.png
Wisconsin-Stevens Point,,,Pointers,,Wisc-Stevens Point,UW-Stevens Point,Wisconsin–Stevens Point,,,,https://www.gannett-cdn.com/-mm-/d00b036cfcf85c36462a543aa94a87405177d42c/c=0-38-300-263/local/-/media/2017/02/09/StevensPoint/B9326152297Z.1_20170209001414_000_G0SHBTLFM.1-0.png?width=534&height=401&fit=crop
DuPage (IL),,,Chaparrals,,,,,,,,https://gochapsgo.com/images/logos/site/site.png
Harding,,,Bison,,,,,,,,https://cdn.herosports.com/upload/school/school-logo/harding-logo.png
Morris Brown,,,Wolverins,,,,,,,,https://i.pinimg.com/originals/ac/5a/c3/ac5ac386e7e54f8cf1b6813ce323161a.png
Geneva,,,Golden Tornadoes,,,,,,,,https://athletics.geneva.edu/images/logos/site/site.png
Clarion,,,Golden Eagles,,,,,,,,https://clariongoldeneagles.com/images/logos/site/site.png
McGill (Canada),,,Redmen,,McGill,,,,,,https://upload.wikimedia.org/wikipedia/en/2/28/McGill_Redmen_Logo.png
Holmes (MS),,,Dogs,,,,,,,,https://www.holmescc.edu/images/news/LogoTrans.png
Knoxville,,,Bulldogs,,,,,,,,https://s3-us-west-2.amazonaws.com/sportshub2-uploads-prod/files/sites/1088/2019/03/11143558/logo_favicon-150x150.png
Central Florida CC,,,Patriots,,,,,,,,https://s3-us-west-2.amazonaws.com/scorestream-team-profile-pictures/298916/20190203021110_417_backgroundOrig.png
Mount San Antonio JC,,,Mounties,,,,,,,,http://cdnak1.psbin.com/logos/rpi/NJCAA0053/wbkb.png
Tusculum,,,Pioneers,,,,,,,,https://cdn.prestosports.com/action/cdn/logos/rpi/12830/wsoc.png
Clark (GA),,,Panthers,,Clark Atlanta,,,,,,https://2.bp.blogspot.com/-7ojruoBfJXw/VganPCrzF_I/AAAAAAABJFU/mzZrc2gmV0c/s1600/CAU%2BPanthers%2Blogo.gif
NE State (OK),,,RiverHawks,,Northeastern State,Northeastern St,Northeastern St.,,,,https://upload.wikimedia.org/wikipedia/en/thumb/0/03/Northeastern_State_RiverHawks_logo.svg/1200px-Northeastern_State_RiverHawks_logo.svg.png
Bentley College,,,Falcons,,,,,,,,https://upload.wikimedia.org/wikipedia/commons/thumb/a/af/Bentley_Falcons_logo.svg/1200px-Bentley_Falcons_logo.svg.png
Wheaton,,,Lyons,,,,,,,,https://mir-s3-cdn-cf.behance.net/project_modules/disp/e11c935391449.560cdecbe268b.png
Wingate,,,Bulldogs,,,,,,,,https://wingatebulldogs.com/images/logos/site/site.png
St. Augustine's,,,Falcons,,Saint Augustine’s,,,,,,https://cdn.herosports.com/upload/st-augustine's-logo.png
Cal State-Bakersfield,,,Roadrunners,,UC-Bakersfield,Cal Sate Bakersfield,,,,,https://a4.espncdn.com/combiner/i?img=%2Fi%2Fteamlogos%2Fncaa%2F500%2F2934.png
Salisbury,,,Seagulls,,,,,,,,https://neo-cdn.stretchinternet.com/KWopPV/header/salisbury3.png
Southern Connecticut St.,,,Owls,,S. Connecticut St.,Southern Connecticut St,Southern Connecticut State,,,,https://www.logolynx.com/images/logolynx/e0/e00fd1537c232bb043c38ff1643c4667.png
Stillman,,,Tigers,,Stillman Valley,,,,,,http://www.ssacsports.com/images/school_logos/Stillmanpng.png
Nebraska-Kearney,,,Lopers,,,,,,,,https://upload.wikimedia.org/wikipedia/en/thumb/6/65/Nebraska%E2%80%93Kearney_Lopers_logo.svg/1200px-Nebraska%E2%80%93Kearney_Lopers_logo.svg.png
Concordia (Canada),,,Stingers,,Concordia (QB),,,,,,https://upload.wikimedia.org/wikipedia/commons/a/a2/Logotip_Stingers_de_Concordia.png
John Carroll,,,Blue Streaks,,,,,,,,https://jcusports.com/images/logos/site/site.png
Manitoba (Canada),,,Bisons,,Manitoba,,,,,,https://upload.wikimedia.org/wikipedia/en/thumb/a/a5/Manitoba_Bisons_Logo.svg/1200px-Manitoba_Bisons_Logo.svg.png
Albion,,,Britons,,,,,,,,https://a.espncdn.com/i/teamlogos/ncaa/500/2790.png
Catawba,,,Indians,,,,,,,,https://s3-us-west-2.amazonaws.com/scorestream-team-profile-pictures/274185/20190117030220_532_mascotOrig.png
Boston Univ.,,,Terriers,BU,Boston,,,,,,https://upload.wikimedia.org/wikipedia/en/thumb/1/15/Boston_University_Terriers_logo.svg/1200px-Boston_University_Terriers_logo.svg.png
Baker,,,Wildcats,,,,,,,,https://upload.wikimedia.org/wikipedia/en/3/3b/Baker_University_Wildcats_logo.png
Michigan Tech,,,Huskies,,,,,,,,https://clubs.recservices.iastate.edu/baseball/wp-content/uploads/sites/10/2015/11/Michigan-Tech-logo.png
Findlay,,,Oilers,,,,,,,,https://www.findlay.edu/offices/marketing-communication/brand-guidelines/SiteAssets/Pages/Introduction/Level%201%20Athletics.png
St. Paul’s (VA),,,Tigers,,St. Paul's,,,,,,https://dumielauxepices.net/sites/default/files/white-tiger-clipart-depauw-822829-6439378.jpg
West Chester,,,Golden Rams,,,,,,,,https://upload.wikimedia.org/wikipedia/en/e/e4/WCUGoldenRams.PNG
Bloomsburg,,,Huskies,,,,,,,,https://cdn.herosports.com/upload/uploads/2014/05/bloomsburg-logo.png
Colorado State-Pueblo,,,ThunderWolves,,Colorado St-Pueblo,Colorado St.-Pueblo,CSU-Pueblo,,,,https://gothunderwolves.com/images/logos/site/site.png
Mary Hardin-Baylor,,,Crusaders,,,,,,,,https://cdn.herosports.com/upload/school/school-logo/mary-hardin-baylor-logo.png
Fort Scott (KS),,,Greyhounds,,,,,,,,http://cdnak1.psbin.com/logos/rpi/1328njcaa/sball.png
William Penn,,,Statesman,,,,,,,,http://d21gd0ap5v1ndt.cloudfront.net/logos/i/2312/250/250.png
Concordia-St. Paul (MN),,,Golden Bears,,Concordia-St.Paul (MN),Concordia (MN),,,,,https://s3-us-west-2.amazonaws.com/scorestream-team-profile-pictures/274251/20181010232709_476_mascot300.png
Albany State (GA),,,Golden Rams,,Albany St (GA),Albany St. (GA),,,,,https://www.asurams.edu/images/news/GoldenRams.png
Fort Hays St.,,,Tigers,,Fort Hays St,Fort Hays State,,,,,https://upload.wikimedia.org/wikipedia/en/thumb/1/14/Fort_Hays_State_Tigers_logo.svg/1200px-Fort_Hays_State_Tigers_logo.svg.png
NE Oklahoma A&M,,,Golden Norsemen,,Northeast Oklahoma A&M,,,,,,https://neoathletics.com/images/logos/site/site.png
West. Washington,,,Vikings,,W Washington,Western Washington,,,,,https://upload.wikimedia.org/wikipedia/en/thumb/6/67/Western_Washington_Vikings_logo.svg/200px-Western_Washington_Vikings_logo.svg.png
